ticket_id,account_id,account_name,segment,region,billing_country,plan_name,plan_family,support_tier,workspace_id,workspace_name,environment_tier,opened_by_user_id,opened_at,first_response_at,resolved_at,priority,category,ticket_status,csat_score,first_response_minutes,resolution_minutes,response_sla_minutes,met_response_sla,is_open_ticket,ticket_age_days,opened_month,resolved_month
T10001,A1001,Helio Systems,mid_market,EMEA,NL,Growth Monthly,growth,priority,W2001,helio-core,prod,U3008,2025-04-16 18:58:46,2025-04-16 19:47:46,2025-04-19 01:12:46,high,data_freshness,resolved,5,49,3254,60,true,false,3,2025-04-01,2025-04-01
T10002,A1001,Helio Systems,mid_market,EMEA,NL,Growth Monthly,growth,priority,W2003,helio-finance,prod,U3008,2025-05-09 04:23:39,2025-05-09 15:00:39,2025-05-11 09:31:39,low,data_freshness,resolved,5,637,3188,1440,true,false,2,2025-05-01,2025-05-01
T10004,A1001,Helio Systems,mid_market,EMEA,NL,Growth Monthly,growth,priority,W2001,helio-core,prod,U3006,2025-04-29 09:21:34,2025-04-29 11:25:34,2025-04-29 19:35:34,medium,dashboard_filter,resolved,4,124,614,240,true,false,0,2025-04-01,2025-04-01
T10005,A1002,Summit Foods,mid_market,NA,US,Growth Monthly,growth,priority,W2006,summit-finance,prod,U3016,2025-04-05 05:12:38,2025-04-05 15:20:38,2025-04-08 14:10:38,low,sso,resolved,5,608,4858,1440,true,false,3,2025-04-01,2025-04-01
T10006,A1002,Summit Foods,mid_market,NA,US,Growth Monthly,growth,priority,W2005,summit-ops,sandbox,U3010,2025-04-13 06:17:16,2025-04-13 15:15:16,2025-04-15 15:06:16,low,permissions,resolved,4,538,3409,1440,true,false,2,2025-04-01,2025-04-01
T10007,A1002,Summit Foods,mid_market,NA,US,Growth Monthly,growth,priority,W2004,summit-core,prod,U3011,2025-06-15 07:26:52,2025-06-15 17:59:52,2025-06-17 09:12:52,low,performance,resolved,5,633,2986,1440,true,false,2,2025-06-01,2025-06-01
T10010,A1003,Nova Ventures,enterprise,NA,US,Enterprise Annual,enterprise,premium,W2008,nova-ops,sandbox,U3030,2025-05-02 11:15:13,2025-05-02 12:38:13,2025-05-05 02:50:13,medium,cancellation,resolved,4,83,3815,240,true,false,3,2025-05-01,2025-05-01
T10011,A1003,Nova Ventures,enterprise,NA,US,Enterprise Annual,enterprise,premium,W2009,nova-finance,prod,U3030,2025-04-14 05:52:45,2025-04-14 07:08:45,2025-04-14 16:01:45,medium,sso,resolved,5,76,609,240,true,false,0,2025-04-01,2025-04-01
T10012,A1003,Nova Ventures,enterprise,NA,US,Enterprise Annual,enterprise,premium,W2007,nova-core,prod,U3037,2025-05-03 01:04:17,2025-05-03 08:16:17,2025-05-04 20:11:17,low,model_error,resolved,5,432,2587,1440,true,false,1,2025-05-01,2025-05-01
T10014,A1004,Silver Solutions,enterprise,NA,US,Starter Monthly,starter,standard,W2011,silver-ops,sandbox,U3045,2025-05-22 01:22:11,2025-05-22 02:54:11,2025-05-23 15:36:11,medium,performance,resolved,4,92,2294,240,true,false,1,2025-05-01,2025-05-01
T10017,A1004,Silver Solutions,enterprise,NA,US,Starter Monthly,starter,standard,W2011,silver-ops,sandbox,U3041,2025-05-02 05:23:07,2025-05-02 05:55:07,2025-05-04 06:49:07,high,performance,resolved,4,32,2966,60,true,false,2,2025-05-01,2025-05-01
T10018,A1004,Silver Solutions,enterprise,NA,US,Starter Monthly,starter,standard,W2010,silver-core,prod,U3038,2025-05-25 23:13:07,2025-05-26 06:35:07,2025-05-28 10:57:07,low,performance,resolved,3,442,3584,1440,true,false,3,2025-05-01,2025-05-01
T10020,A1005,Pacific Labs,enterprise,EMEA,UK,Enterprise Annual,enterprise,premium,W2012,pacific-core,prod,U3055,2025-05-12 19:50:29,2025-05-13 00:59:29,2025-05-13 03:55:29,low,model_error,resolved,4,309,485,1440,true,false,1,2025-05-01,2025-05-01
T10021,A1005,Pacific Labs,enterprise,EMEA,UK,Enterprise Annual,enterprise,premium,W2014,pacific-finance,prod,U3064,2025-06-15 09:36:31,2025-06-15 14:57:31,2025-06-16 01:37:31,low,permissions,resolved,5,321,961,1440,true,false,1,2025-06-01,2025-06-01
T10022,A1005,Pacific Labs,enterprise,EMEA,UK,Enterprise Annual,enterprise,premium,W2012,pacific-core,prod,U3066,2025-04-04 14:54:21,2025-04-04 17:09:21,2025-04-07 12:18:21,low,sso,resolved,2,135,4164,1440,true,false,3,2025-04-01,2025-04-01
T10024,A1005,Pacific Labs,enterprise,EMEA,UK,Enterprise Annual,enterprise,premium,W2014,pacific-finance,prod,U3064,2025-04-15 05:39:14,2025-04-15 05:49:14,2025-04-16 05:56:14,urgent,api_limit,resolved,4,10,1457,30,true,false,1,2025-04-01,2025-04-01
T10025,A1005,Pacific Labs,enterprise,EMEA,UK,Enterprise Annual,enterprise,premium,W2012,pacific-core,prod,U3052,2025-04-02 21:48:17,2025-04-02 22:04:17,,urgent,dashboard_filter,in_progress,,16,,30,true,true,356,2025-04-01,
T10026,A1005,Pacific Labs,enterprise,EMEA,UK,Enterprise Annual,enterprise,premium,W2012,pacific-core,prod,U3061,2025-06-07 05:34:45,2025-06-07 06:56:45,2025-06-07 16:32:45,medium,sso,resolved,4,82,658,240,true,false,0,2025-06-01,2025-06-01
T10027,A1006,Helio Works,mid_market,EMEA,UK,Growth Monthly,growth,priority,W2016,helio-ops,prod,U3070,2025-06-12 12:52:28,2025-06-12 16:11:28,2025-06-12 17:37:28,medium,performance,resolved,5,199,285,240,true,false,0,2025-06-01,2025-06-01
T10028,A1006,Helio Works,mid_market,EMEA,UK,Growth Monthly,growth,priority,W2016,helio-ops,prod,U3067,2025-04-01 23:05:01,2025-04-01 23:35:01,2025-04-02 03:24:01,high,performance,resolved,3,30,259,60,true,false,1,2025-04-01,2025-04-01
T10029,A1006,Helio Works,mid_market,EMEA,UK,Growth Monthly,growth,priority,W2015,helio-core,prod,U3072,2025-04-12 15:58:29,2025-04-12 16:43:29,2025-04-12 23:25:29,high,data_freshness,resolved,4,45,447,60,true,false,0,2025-04-01,2025-04-01
T10030,A1007,Silver Systems,smb,EMEA,FR,Starter Monthly,starter,standard,W2017,silver-core,prod,U3075,2025-06-11 14:12:02,2025-06-12 03:37:02,2025-06-13 07:22:02,low,billing,resolved,5,805,2470,1440,true,false,2,2025-06-01,2025-06-01
T10031,A1007,Silver Systems,smb,EMEA,FR,Starter Monthly,starter,standard,W2017,silver-core,prod,U3077,2025-05-13 16:48:58,2025-05-13 22:47:58,2025-05-14 05:11:58,low,api_limit,resolved,5,359,743,1440,true,false,1,2025-05-01,2025-05-01
T10032,A1007,Silver Systems,smb,EMEA,FR,Starter Monthly,starter,standard,W2017,silver-core,prod,U3074,2025-04-09 06:03:21,2025-04-09 07:40:21,2025-04-11 18:46:21,medium,api_limit,resolved,4,97,3643,240,true,false,2,2025-04-01,2025-04-01
T10034,A1008,Pacific Works,mid_market,EMEA,UK,Enterprise Monthly,enterprise,premium,W2019,pacific-ops,prod,U3080,2025-04-11 20:56:04,2025-04-12 11:14:04,2025-04-15 06:24:04,low,dashboard_filter,resolved,2,858,4888,1440,true,false,4,2025-04-01,2025-04-01
T10035,A1008,Pacific Works,mid_market,EMEA,UK,Enterprise Monthly,enterprise,premium,W2019,pacific-ops,prod,U3082,2025-06-16 17:07:42,2025-06-16 17:51:42,2025-06-17 16:17:42,high,data_freshness,resolved,5,44,1390,60,true,false,1,2025-06-01,2025-06-01
T10036,A1009,Summit Group,mid_market,NA,US,Enterprise Monthly,enterprise,premium,W2021,summit-core,prod,U3094,2025-06-21 06:57:59,2025-06-21 07:27:59,2025-06-21 15:19:59,high,api_limit,resolved,4,30,502,60,true,false,0,2025-06-01,2025-06-01
T10037,A1009,Summit Group,mid_market,NA,US,Enterprise Monthly,enterprise,premium,W2022,summit-ops,prod,U3089,2025-04-17 21:35:42,2025-04-17 21:45:42,2025-04-18 17:38:42,urgent,sso,resolved,4,10,1203,30,true,false,1,2025-04-01,2025-04-01
T10038,A1009,Summit Group,mid_market,NA,US,Enterprise Monthly,enterprise,premium,W2021,summit-core,prod,U3092,2025-04-12 12:49:41,2025-04-12 13:32:41,2025-04-14 10:16:41,urgent,permissions,resolved,4,43,2727,30,false,false,2,2025-04-01,2025-04-01
T10039,A1010,Orchid Foods,smb,NA,CA,Starter Monthly,starter,standard,W2023,orchid-core,prod,U3104,2025-04-01 13:32:52,2025-04-01 13:55:52,2025-04-02 08:42:52,urgent,sso,resolved,2,23,1150,30,true,false,1,2025-04-01,2025-04-01
T10040,A1010,Orchid Foods,smb,NA,CA,Starter Monthly,starter,standard,W2023,orchid-core,prod,U3109,2025-05-12 15:02:51,2025-05-12 15:51:51,2025-05-15 07:57:51,high,api_limit,resolved,4,49,3895,60,true,false,3,2025-05-01,2025-05-01
T10041,A1011,Vertex Energy,smb,NA,CA,Growth Monthly,growth,priority,W2024,vertex-core,prod,U3114,2025-04-02 09:20:47,2025-04-02 18:09:47,2025-04-04 12:00:47,low,data_freshness,resolved,5,529,3040,1440,true,false,2,2025-04-01,2025-04-01
T10042,A1011,Vertex Energy,smb,NA,CA,Growth Monthly,growth,priority,W2024,vertex-core,prod,U3113,2025-05-09 08:02:44,2025-05-09 18:50:44,,low,permissions,in_progress,,648,,1440,true,true,319,2025-05-01,
T10043,A1011,Vertex Energy,smb,NA,CA,Growth Monthly,growth,priority,W2024,vertex-core,prod,U3115,2025-04-16 13:02:29,2025-04-16 16:50:29,2025-04-18 12:24:29,medium,data_freshness,resolved,5,228,2842,240,true,false,2,2025-04-01,2025-04-01
T10044,A1012,Cedar Ventures,smb,APAC,JP,Starter Monthly,starter,standard,W2025,cedar-core,prod,U3118,2025-06-17 05:30:52,2025-06-17 05:42:52,2025-06-17 23:29:52,urgent,api_limit,resolved,5,12,1079,30,true,false,0,2025-06-01,2025-06-01
T10045,A1012,Cedar Ventures,smb,APAC,JP,Starter Monthly,starter,standard,W2026,cedar-ops,sandbox,U3122,2025-04-26 06:55:37,2025-04-26 08:05:37,2025-04-27 21:13:37,high,model_error,resolved,5,70,2298,60,false,false,1,2025-04-01,2025-04-01
T10046,A1012,Cedar Ventures,smb,APAC,JP,Starter Monthly,starter,standard,W2026,cedar-ops,sandbox,U3121,2025-04-12 19:02:54,2025-04-12 21:34:54,2025-04-15 12:02:54,medium,dashboard_filter,resolved,3,152,3900,240,true,false,3,2025-04-01,2025-04-01
T10047,A1013,River Foods,mid_market,NA,US,Growth Monthly,growth,priority,W2029,river-finance,prod,U3128,2025-05-27 20:11:21,2025-05-28 08:21:21,2025-05-31 00:44:21,low,model_error,resolved,5,730,4593,1440,true,false,4,2025-05-01,2025-05-01
T10048,A1013,River Foods,mid_market,NA,US,Growth Monthly,growth,priority,W2027,river-core,prod,U3129,2025-05-16 19:32:36,2025-05-16 20:08:36,2025-05-19 07:19:36,urgent,data_freshness,resolved,5,36,3587,30,false,false,3,2025-05-01,2025-05-01
T10049,A1013,River Foods,mid_market,NA,US,Growth Monthly,growth,priority,W2029,river-finance,prod,U3128,2025-04-29 10:39:24,2025-04-29 11:35:24,2025-05-01 04:07:24,high,model_error,resolved,5,56,2488,60,true,false,2,2025-04-01,2025-05-01
T10050,A1014,Evergreen Global,enterprise,APAC,SG,Growth Monthly,growth,priority,W2030,evergreen-core,prod,U3136,2025-06-11 03:56:59,2025-06-11 06:04:59,2025-06-11 10:52:59,medium,performance,resolved,3,128,416,240,true,false,0,2025-06-01,2025-06-01
T10051,A1014,Evergreen Global,enterprise,APAC,SG,Growth Monthly,growth,priority,W2030,evergreen-core,prod,U3142,2025-05-11 16:41:25,2025-05-11 16:57:25,,high,api_limit,in_progress,,16,,60,true,true,317,2025-05-01,
T10052,A1014,Evergreen Global,enterprise,APAC,SG,Growth Monthly,growth,priority,W2030,evergreen-core,prod,U3147,2025-05-25 00:53:25,2025-05-25 01:27:25,2025-05-26 07:48:25,high,performance,resolved,3,34,1855,60,true,false,1,2025-05-01,2025-05-01
T10053,A1014,Evergreen Global,enterprise,APAC,SG,Growth Monthly,growth,priority,W2030,evergreen-core,prod,U3137,2025-04-22 12:49:22,2025-04-22 14:02:22,2025-04-23 09:07:22,medium,permissions,resolved,5,73,1218,240,true,false,1,2025-04-01,2025-04-01
T10055,A1014,Evergreen Global,enterprise,APAC,SG,Growth Monthly,growth,priority,W2030,evergreen-core,prod,U3147,2025-04-01 09:41:14,2025-04-01 10:07:14,2025-04-03 17:16:14,high,data_freshness,resolved,3,26,3335,60,true,false,2,2025-04-01,2025-04-01
T10056,A1015,Delta Network,smb,NA,US,Growth Monthly,growth,priority,W2032,delta-ops,sandbox,U3149,2025-04-02 02:42:32,2025-04-02 03:04:32,2025-04-03 22:29:32,urgent,api_limit,resolved,5,22,2627,30,true,false,1,2025-04-01,2025-04-01
T10057,A1015,Delta Network,smb,NA,US,Growth Monthly,growth,priority,W2032,delta-ops,sandbox,U3150,2025-06-15 06:58:09,2025-06-15 07:06:09,2025-06-16 13:01:09,urgent,api_limit,resolved,3,8,1803,30,true,false,1,2025-06-01,2025-06-01
T10058,A1015,Delta Network,smb,NA,US,Growth Monthly,growth,priority,W2031,delta-core,prod,U3150,2025-04-08 10:49:31,2025-04-08 13:19:31,2025-04-11 05:29:31,medium,permissions,resolved,5,150,4000,240,true,false,3,2025-04-01,2025-04-01
T10059,A1015,Delta Network,smb,NA,US,Growth Monthly,growth,priority,W2031,delta-core,prod,U3149,2025-04-20 22:40:37,2025-04-21 02:01:37,2025-04-21 06:06:37,medium,dashboard_filter,resolved,4,201,446,240,true,false,1,2025-04-01,2025-04-01
T10060,A1016,BluePeak Capital,enterprise,EMEA,DE,Enterprise Annual,enterprise,premium,W2035,bluepeak-finance,prod,U3153,2025-04-05 01:38:50,2025-04-05 06:27:50,2025-04-05 20:04:50,low,data_freshness,resolved,3,289,1106,1440,true,false,0,2025-04-01,2025-04-01
T10061,A1016,BluePeak Capital,enterprise,EMEA,DE,Enterprise Annual,enterprise,premium,W2033,bluepeak-core,prod,U3152,2025-04-14 20:13:20,2025-04-14 21:24:20,2025-04-17 01:36:20,medium,model_error,resolved,4,71,3203,240,true,false,3,2025-04-01,2025-04-01
T10062,A1016,BluePeak Capital,enterprise,EMEA,DE,Enterprise Annual,enterprise,premium,W2036,bluepeak-marketing,prod,U3157,2025-05-25 02:00:08,2025-05-25 08:19:08,2025-05-26 08:57:08,low,model_error,resolved,4,379,1857,1440,true,false,1,2025-05-01,2025-05-01
T10063,A1016,BluePeak Capital,enterprise,EMEA,DE,Enterprise Annual,enterprise,premium,W2036,bluepeak-marketing,prod,U3165,2025-05-11 20:06:11,2025-05-11 20:15:11,2025-05-13 15:29:11,urgent,permissions,resolved,4,9,2603,30,true,false,2,2025-05-01,2025-05-01
T10065,A1016,BluePeak Capital,enterprise,EMEA,DE,Enterprise Annual,enterprise,premium,W2035,bluepeak-finance,prod,U3156,2025-05-13 06:20:21,2025-05-13 07:45:21,2025-05-13 12:56:21,medium,api_limit,resolved,5,85,396,240,true,false,0,2025-05-01,2025-05-01
T10066,A1017,Summit Analytics,mid_market,EMEA,UK,Growth Monthly,growth,priority,W2038,summit-ops,prod,U3173,2025-05-20 11:33:34,2025-05-20 12:04:34,2025-05-23 10:11:34,high,dashboard_filter,resolved,5,31,4238,60,true,false,3,2025-05-01,2025-05-01
T10067,A1017,Summit Analytics,mid_market,EMEA,UK,Growth Monthly,growth,priority,W2038,summit-ops,prod,U3172,2025-06-07 09:02:39,2025-06-07 10:45:39,2025-06-09 06:09:39,medium,api_limit,resolved,5,103,2707,240,true,false,2,2025-06-01,2025-06-01
T10068,A1017,Summit Analytics,mid_market,EMEA,UK,Growth Monthly,growth,priority,W2038,summit-ops,prod,U3174,2025-04-25 05:30:47,2025-04-25 07:56:47,2025-04-27 00:54:47,medium,performance,resolved,4,146,2604,240,true,false,2,2025-04-01,2025-04-01
T10069,A1017,Summit Analytics,mid_market,EMEA,UK,Growth Monthly,growth,priority,W2038,summit-ops,prod,U3172,2025-06-03 14:32:57,2025-06-03 23:27:57,2025-06-05 00:49:57,low,performance,resolved,4,535,2057,1440,true,false,2,2025-06-01,2025-06-01
T10070,A1018,Harbor Manufacturing,smb,EMEA,UK,Starter Monthly,starter,standard,W2040,harbor-ops,prod,U3179,2025-06-11 00:33:34,2025-06-11 04:32:34,2025-06-12 19:42:34,medium,performance,resolved,3,239,2589,240,true,false,1,2025-06-01,2025-06-01
T10072,A1018,Harbor Manufacturing,smb,EMEA,UK,Starter Monthly,starter,standard,W2039,harbor-core,prod,U3181,2025-05-04 23:09:26,2025-05-05 02:44:26,2025-05-07 07:39:26,medium,permissions,resolved,4,215,3390,240,true,false,3,2025-05-01,2025-05-01
T10073,A1019,Sierra Systems,smb,APAC,JP,Starter Monthly,starter,standard,W2041,sierra-core,prod,U3183,2025-05-26 08:04:59,2025-05-26 10:28:59,,medium,dashboard_filter,open,,144,,240,true,true,302,2025-05-01,
T10074,A1020,Pioneer Network,smb,EMEA,FR,Growth Monthly,growth,priority,W2043,pioneer-core,prod,U3187,2025-05-29 02:05:32,2025-05-29 02:52:32,2025-05-30 04:53:32,high,data_freshness,resolved,5,47,1608,60,true,false,1,2025-05-01,2025-05-01
T10075,A1021,Apex Logistics,smb,NA,US,Starter Monthly,starter,standard,W2044,apex-core,prod,U3196,2025-06-20 04:03:33,2025-06-20 04:24:33,2025-06-22 06:23:33,high,dashboard_filter,resolved,3,21,3020,60,true,false,2,2025-06-01,2025-06-01
T10076,A1021,Apex Logistics,smb,NA,US,Starter Monthly,starter,standard,W2044,apex-core,prod,U3196,2025-04-04 10:26:51,2025-04-04 13:13:51,2025-04-05 03:11:51,medium,performance,resolved,5,167,1005,240,true,false,1,2025-04-01,2025-04-01
T10077,A1022,Summit Collective,smb,APAC,NZ,Growth Monthly,growth,priority,W2045,summit-core,prod,U3200,2025-04-24 09:41:07,2025-04-24 12:01:07,2025-04-25 08:24:07,medium,api_limit,resolved,5,140,1363,240,true,false,1,2025-04-01,2025-04-01
T10078,A1023,Atlas Systems,smb,NA,CA,Starter Monthly,starter,standard,W2047,atlas-core,prod,U3207,2025-05-12 23:02:13,2025-05-13 07:21:13,2025-05-15 02:52:13,low,data_freshness,resolved,4,499,3110,1440,true,false,3,2025-05-01,2025-05-01
T10079,A1023,Atlas Systems,smb,NA,CA,Starter Monthly,starter,standard,W2047,atlas-core,prod,U3203,2025-05-15 18:18:28,2025-05-15 19:05:28,,high,sso,open,,47,,60,true,true,313,2025-05-01,
T10080,A1023,Atlas Systems,smb,NA,CA,Starter Monthly,starter,standard,W2047,atlas-core,prod,U3202,2025-05-05 07:07:39,2025-05-05 07:44:39,2025-05-06 22:46:39,high,performance,resolved,5,37,2379,60,true,false,1,2025-05-01,2025-05-01
T10081,A1024,Sierra Group,smb,NA,CA,Starter Monthly,starter,standard,W2049,sierra-ops,prod,U3211,2025-05-30 15:31:41,2025-05-30 17:40:41,2025-05-31 22:15:41,medium,performance,resolved,5,129,1844,240,true,false,1,2025-05-01,2025-05-01
T10082,A1025,Bright Capital,smb,EMEA,UK,Starter Monthly,starter,standard,W2050,bright-core,prod,U3219,2025-05-29 12:51:15,2025-05-29 13:35:15,2025-06-01 00:01:15,high,api_limit,resolved,5,44,3550,60,true,false,3,2025-05-01,2025-06-01
T10083,A1025,Bright Capital,smb,EMEA,UK,Starter Monthly,starter,standard,W2050,bright-core,prod,U3219,2025-06-07 18:38:08,2025-06-07 20:40:08,2025-06-10 03:52:08,medium,sso,resolved,5,122,3434,240,true,false,3,2025-06-01,2025-06-01
T10085,A1027,BluePeak Health,smb,APAC,SG,Starter Monthly,starter,standard,W2053,bluepeak-ops,prod,U3231,2025-05-21 14:59:51,2025-05-21 15:07:51,2025-05-24 01:30:51,urgent,data_freshness,resolved,4,8,3511,30,true,false,3,2025-05-01,2025-05-01
T10086,A1028,Apex Energy,mid_market,APAC,SG,Enterprise Monthly,enterprise,premium,W2054,apex-core,prod,U3234,2025-05-02 09:17:06,2025-05-03 01:18:06,2025-05-04 21:40:06,low,permissions,resolved,4,961,3623,1440,true,false,2,2025-05-01,2025-05-01
T10088,A1028,Apex Energy,mid_market,APAC,SG,Enterprise Monthly,enterprise,premium,W2054,apex-core,prod,U3243,2025-05-07 04:35:29,2025-05-07 15:02:29,2025-05-09 12:27:29,low,dashboard_filter,resolved,5,627,3352,1440,true,false,2,2025-05-01,2025-05-01
T10089,A1029,Bright Labs,enterprise,APAC,NZ,Starter Monthly,starter,standard,W2056,bright-core,prod,U3257,2025-04-10 09:20:33,2025-04-10 11:07:33,2025-04-11 20:56:33,medium,api_limit,resolved,5,107,2136,240,true,false,1,2025-04-01,2025-04-01
T10091,A1029,Bright Labs,enterprise,APAC,NZ,Starter Monthly,starter,standard,W2056,bright-core,prod,U3253,2025-06-16 07:30:22,2025-06-16 12:05:22,,low,permissions,in_progress,,275,,1440,true,true,281,2025-06-01,
T10092,A1029,Bright Labs,enterprise,APAC,NZ,Starter Monthly,starter,standard,W2056,bright-core,prod,U3247,2025-06-03 06:32:18,2025-06-03 08:36:18,,medium,sso,in_progress,,124,,240,true,true,294,2025-06-01,
T10093,A1029,Bright Labs,enterprise,APAC,NZ,Starter Monthly,starter,standard,W2056,bright-core,prod,U3247,2025-05-10 07:16:19,2025-05-10 07:38:19,,high,performance,open,,22,,60,true,true,318,2025-05-01,
T10094,A1030,Northwind Analytics,enterprise,EMEA,UK,Enterprise Monthly,enterprise,premium,W2059,northwind-finance,prod,U3268,2025-06-11 15:44:02,2025-06-12 00:45:02,2025-06-14 22:47:02,low,dashboard_filter,resolved,5,541,4743,1440,true,false,3,2025-06-01,2025-06-01
T10095,A1030,Northwind Analytics,enterprise,EMEA,UK,Enterprise Monthly,enterprise,premium,W2060,northwind-marketing,prod,U3261,2025-04-19 11:22:00,2025-04-19 11:50:00,2025-04-21 16:57:00,high,dashboard_filter,resolved,4,28,3215,60,true,false,2,2025-04-01,2025-04-01
T10097,A1030,Northwind Analytics,enterprise,EMEA,UK,Enterprise Monthly,enterprise,premium,W2057,northwind-core,prod,U3267,2025-05-21 03:08:09,2025-05-21 07:50:09,2025-05-22 13:23:09,low,dashboard_filter,resolved,3,282,2055,1440,true,false,1,2025-05-01,2025-05-01
T10098,A1031,Helio Holdings,mid_market,APAC,AU,Growth Monthly,growth,priority,W2061,helio-core,prod,U3277,2025-04-07 13:23:25,2025-04-07 15:36:25,2025-04-09 05:44:25,medium,sso,resolved,2,133,2421,240,true,false,2,2025-04-01,2025-04-01
T10099,A1031,Helio Holdings,mid_market,APAC,AU,Growth Monthly,growth,priority,W2062,helio-ops,prod,U3281,2025-04-28 20:40:52,2025-04-29 05:24:52,2025-05-01 11:20:52,low,model_error,resolved,3,524,3760,1440,true,false,3,2025-04-01,2025-05-01
T10101,A1031,Helio Holdings,mid_market,APAC,AU,Growth Monthly,growth,priority,W2061,helio-core,prod,U3281,2025-05-24 20:51:20,2025-05-24 23:55:20,2025-05-25 20:43:20,medium,api_limit,resolved,4,184,1432,240,true,false,1,2025-05-01,2025-05-01
T10102,A1032,Vertex Works,mid_market,EMEA,DE,Growth Monthly,growth,priority,W2064,vertex-core,prod,U3287,2025-06-25 07:28:37,2025-06-25 10:31:37,2025-06-26 00:40:37,medium,cancellation,resolved,1,183,1032,240,true,false,1,2025-06-01,2025-06-01
T10103,A1032,Vertex Works,mid_market,EMEA,DE,Growth Monthly,growth,priority,W2064,vertex-core,prod,U3286,2025-06-11 21:23:04,2025-06-11 21:55:04,2025-06-14 20:44:04,high,api_limit,resolved,2,32,4281,60,true,false,3,2025-06-01,2025-06-01
T10105,A1033,Lighthouse Global,mid_market,NA,CA,Growth Monthly,growth,priority,W2066,lighthouse-core,prod,U3291,2025-05-20 21:14:18,2025-05-21 12:12:18,2025-05-24 00:47:18,low,performance,resolved,4,898,4533,1440,true,false,4,2025-05-01,2025-05-01
T10106,A1033,Lighthouse Global,mid_market,NA,CA,Growth Monthly,growth,priority,W2067,lighthouse-ops,prod,U3292,2025-04-08 21:02:43,2025-04-09 00:34:43,2025-04-11 16:29:43,medium,api_limit,resolved,5,212,4047,240,true,false,3,2025-04-01,2025-04-01
T10107,A1034,Helio Partners,smb,NA,CA,Starter Monthly,starter,standard,W2069,helio-ops,sandbox,U3302,2025-06-09 13:51:35,2025-06-10 05:31:35,2025-06-12 16:46:35,low,permissions,resolved,5,940,4495,1440,true,false,3,2025-06-01,2025-06-01
T10108,A1034,Helio Partners,smb,NA,CA,Starter Monthly,starter,standard,W2068,helio-core,prod,U3304,2025-05-12 09:49:56,2025-05-12 12:17:56,2025-05-12 21:49:56,medium,performance,resolved,3,148,720,240,true,false,0,2025-05-01,2025-05-01
T10110,A1035,Bright Retail,mid_market,EMEA,UK,Enterprise Monthly,enterprise,premium,W2071,bright-ops,sandbox,U3317,2025-06-07 15:20:28,2025-06-07 15:55:28,2025-06-08 16:25:28,high,api_limit,resolved,5,35,1505,60,true,false,1,2025-06-01,2025-06-01
T10111,A1035,Bright Retail,mid_market,EMEA,UK,Enterprise Monthly,enterprise,premium,W2070,bright-core,prod,U3314,2025-04-03 14:44:28,2025-04-03 17:39:28,2025-04-06 11:17:28,medium,permissions,resolved,4,175,4113,240,true,false,3,2025-04-01,2025-04-01
T10112,A1035,Bright Retail,mid_market,EMEA,UK,Enterprise Monthly,enterprise,premium,W2072,bright-finance,prod,U3316,2025-05-02 23:05:03,2025-05-02 23:53:03,2025-05-04 17:15:03,high,dashboard_filter,resolved,4,48,2530,60,true,false,2,2025-05-01,2025-05-01
T10113,A1035,Bright Retail,mid_market,EMEA,UK,Enterprise Monthly,enterprise,premium,W2071,bright-ops,sandbox,U3317,2025-04-15 03:50:21,2025-04-15 07:37:21,2025-04-18 03:18:21,medium,performance,resolved,4,227,4288,240,true,false,3,2025-04-01,2025-04-01
T10115,A1036,Granite Holdings,smb,NA,US,Growth Monthly,growth,priority,W2073,granite-core,prod,U3322,2025-04-06 23:20:44,2025-04-07 02:05:44,2025-04-08 21:27:44,medium,sso,resolved,5,165,2767,240,true,false,2,2025-04-01,2025-04-01
T10116,A1036,Granite Holdings,smb,NA,US,Growth Monthly,growth,priority,W2074,granite-ops,sandbox,U3322,2025-06-07 15:31:40,2025-06-07 18:29:40,2025-06-10 06:01:40,medium,dashboard_filter,resolved,5,178,3750,240,true,false,3,2025-06-01,2025-06-01
T10117,A1036,Granite Holdings,smb,NA,US,Growth Monthly,growth,priority,W2074,granite-ops,sandbox,U3322,2025-05-17 20:53:41,2025-05-17 23:48:41,2025-05-18 23:22:41,medium,permissions,resolved,4,175,1589,240,true,false,1,2025-05-01,2025-05-01
T10119,A1037,Lighthouse Network,enterprise,EMEA,UK,Enterprise Monthly,enterprise,premium,W2076,lighthouse-ops,prod,U3338,2025-05-12 06:21:19,2025-05-12 06:46:19,2025-05-12 13:35:19,high,sso,resolved,5,25,434,60,true,false,0,2025-05-01,2025-05-01
T10120,A1037,Lighthouse Network,enterprise,EMEA,UK,Enterprise Monthly,enterprise,premium,W2076,lighthouse-ops,prod,U3331,2025-04-22 02:39:35,2025-04-22 03:47:35,,medium,sso,in_progress,,68,,240,true,true,336,2025-04-01,
T10121,A1037,Lighthouse Network,enterprise,EMEA,UK,Enterprise Monthly,enterprise,premium,W2077,lighthouse-finance,sandbox,U3327,2025-04-04 13:59:40,2025-04-04 16:06:40,2025-04-06 03:29:40,medium,sso,resolved,4,127,2250,240,true,false,2,2025-04-01,2025-04-01
T10122,A1038,River Systems,smb,APAC,AU,Starter Monthly,starter,standard,W2079,river-core,prod,U3346,2025-04-19 09:26:05,2025-04-19 09:48:05,,high,api_limit,open,,22,,60,true,true,339,2025-04-01,
T10123,A1038,River Systems,smb,APAC,AU,Starter Monthly,starter,standard,W2080,river-ops,prod,U3342,2025-05-31 17:59:38,2025-06-01 04:32:38,2025-06-02 06:32:38,low,billing,resolved,4,633,2193,1440,true,false,2,2025-05-01,2025-06-01
T10124,A1039,Nova Group,smb,EMEA,FR,Starter Monthly,starter,standard,W2081,nova-core,prod,U3348,2025-06-07 01:56:58,2025-06-07 02:04:58,2025-06-07 21:31:58,urgent,api_limit,resolved,5,8,1175,30,true,false,0,2025-06-01,2025-06-01
T10127,A1040,Harbor Collective,mid_market,APAC,SG,Enterprise Monthly,enterprise,premium,W2084,harbor-finance,prod,U3365,2025-06-10 18:07:45,2025-06-10 18:29:45,2025-06-13 12:37:45,high,performance,resolved,3,22,3990,60,true,false,3,2025-06-01,2025-06-01
T10128,A1040,Harbor Collective,mid_market,APAC,SG,Enterprise Monthly,enterprise,premium,W2082,harbor-core,prod,U3361,2025-05-29 17:52:01,2025-05-29 18:33:01,2025-06-01 04:26:01,high,model_error,resolved,3,41,3514,60,true,false,3,2025-05-01,2025-06-01
T10130,A1040,Harbor Collective,mid_market,APAC,SG,Enterprise Monthly,enterprise,premium,W2083,harbor-ops,sandbox,U3364,2025-05-21 12:06:14,2025-05-21 12:39:14,,urgent,permissions,in_progress,,33,,30,false,true,307,2025-05-01,
T10131,A1041,Cedar Logistics,mid_market,EMEA,NL,Growth Monthly,growth,priority,W2087,cedar-finance,prod,U3377,2025-04-30 14:56:33,2025-04-30 15:15:33,2025-05-02 20:51:33,urgent,cancellation,resolved,5,19,3235,30,true,false,2,2025-04-01,2025-05-01
T10132,A1041,Cedar Logistics,mid_market,EMEA,NL,Growth Monthly,growth,priority,W2085,cedar-core,prod,U3366,2025-06-25 14:25:33,2025-06-26 01:42:33,2025-06-26 21:47:33,low,performance,resolved,4,677,1882,1440,true,false,1,2025-06-01,2025-06-01
T10133,A1041,Cedar Logistics,mid_market,EMEA,NL,Growth Monthly,growth,priority,W2085,cedar-core,prod,U3366,2025-06-11 15:07:17,2025-06-11 17:05:17,2025-06-13 00:31:17,medium,api_limit,resolved,4,118,2004,240,true,false,2,2025-06-01,2025-06-01
T10134,A1041,Cedar Logistics,mid_market,EMEA,NL,Growth Monthly,growth,priority,W2086,cedar-ops,sandbox,U3375,2025-05-07 14:27:48,2025-05-07 15:11:48,2025-05-07 23:25:48,high,data_freshness,resolved,4,44,538,60,true,false,0,2025-05-01,2025-05-01
T10135,A1041,Cedar Logistics,mid_market,EMEA,NL,Growth Monthly,growth,priority,W2085,cedar-core,prod,U3366,2025-05-23 18:09:24,2025-05-23 18:45:24,2025-05-24 18:13:24,high,dashboard_filter,resolved,5,36,1444,60,true,false,1,2025-05-01,2025-05-01
T10137,A1042,Northwind Labs,mid_market,APAC,AU,Growth Monthly,growth,priority,W2089,northwind-ops,sandbox,U3380,2025-04-12 08:33:14,2025-04-12 12:56:14,2025-04-14 06:53:14,medium,sso,resolved,5,263,2780,240,false,false,2,2025-04-01,2025-04-01
T10138,A1042,Northwind Labs,mid_market,APAC,AU,Growth Monthly,growth,priority,W2089,northwind-ops,sandbox,U3381,2025-06-22 22:22:58,2025-06-22 22:54:58,2025-06-24 02:50:58,high,dashboard_filter,resolved,5,32,1708,60,true,false,2,2025-06-01,2025-06-01
T10140,A1042,Northwind Labs,mid_market,APAC,AU,Growth Monthly,growth,priority,W2088,northwind-core,prod,U3378,2025-05-21 19:13:48,2025-05-22 02:10:48,2025-05-22 08:58:48,low,api_limit,resolved,4,417,825,1440,true,false,1,2025-05-01,2025-05-01
T10141,A1043,Lighthouse Works,enterprise,APAC,SG,Enterprise Monthly,enterprise,premium,W2094,lighthouse-marketing,prod,U3390,2025-04-22 04:48:42,2025-04-22 06:01:42,,medium,data_freshness,in_progress,,73,,240,true,true,336,2025-04-01,
T10143,A1043,Lighthouse Works,enterprise,APAC,SG,Enterprise Monthly,enterprise,premium,W2094,lighthouse-marketing,prod,U3401,2025-04-17 02:32:02,2025-04-17 10:14:02,2025-04-20 03:16:02,low,sso,resolved,5,462,4364,1440,true,false,3,2025-04-01,2025-04-01
T10144,A1044,Summit Holdings,smb,EMEA,NL,Growth Monthly,growth,priority,W2095,summit-core,prod,U3407,2025-04-04 17:42:09,2025-04-04 18:06:09,2025-04-07 14:41:09,high,model_error,resolved,3,24,4139,60,true,false,3,2025-04-01,2025-04-01
T10145,A1044,Summit Holdings,smb,EMEA,NL,Growth Monthly,growth,priority,W2095,summit-core,prod,U3407,2025-06-09 03:00:36,2025-06-09 05:31:36,2025-06-11 04:32:36,medium,model_error,resolved,5,151,2972,240,true,false,2,2025-06-01,2025-06-01
T10146,A1044,Summit Holdings,smb,EMEA,NL,Growth Monthly,growth,priority,W2095,summit-core,prod,U3408,2025-04-09 02:49:37,2025-04-09 03:33:37,2025-04-10 17:56:37,high,sso,resolved,5,44,2347,60,true,false,1,2025-04-01,2025-04-01
T10147,A1045,Nova Holdings,enterprise,NA,CA,Enterprise Annual,enterprise,premium,W2099,nova-marketing,prod,U3423,2025-06-02 20:20:03,2025-06-02 20:48:03,2025-06-05 03:20:03,high,dashboard_filter,resolved,4,28,3300,60,true,false,3,2025-06-01,2025-06-01
T10148,A1045,Nova Holdings,enterprise,NA,CA,Enterprise Annual,enterprise,premium,W2099,nova-marketing,prod,U3412,2025-05-12 12:15:14,2025-05-12 13:41:14,2025-05-15 01:52:14,medium,api_limit,resolved,5,86,3697,240,true,false,3,2025-05-01,2025-05-01
T10149,A1045,Nova Holdings,enterprise,NA,CA,Enterprise Annual,enterprise,premium,W2097,nova-ops,prod,U3419,2025-05-20 23:55:34,2025-05-21 03:50:34,2025-05-23 20:03:34,low,dashboard_filter,resolved,3,235,4088,1440,true,false,3,2025-05-01,2025-05-01
T10150,A1045,Nova Holdings,enterprise,NA,CA,Enterprise Annual,enterprise,premium,W2097,nova-ops,prod,U3425,2025-06-07 17:23:33,2025-06-07 19:25:33,2025-06-08 08:12:33,medium,api_limit,resolved,4,122,889,240,true,false,1,2025-06-01,2025-06-01
T10151,A1045,Nova Holdings,enterprise,NA,CA,Enterprise Annual,enterprise,premium,W2099,nova-marketing,prod,U3422,2025-04-02 10:20:57,2025-04-02 17:26:57,2025-04-05 04:18:57,low,sso,resolved,5,426,3958,1440,true,false,3,2025-04-01,2025-04-01
T10152,A1046,Pioneer Solutions,smb,NA,CA,Growth Monthly,growth,priority,W2100,pioneer-core,prod,U3429,2025-05-20 10:32:02,2025-05-20 13:14:02,,medium,model_error,in_progress,,162,,240,true,true,308,2025-05-01,
T10153,A1046,Pioneer Solutions,smb,NA,CA,Growth Monthly,growth,priority,W2100,pioneer-core,prod,U3427,2025-05-30 05:05:39,2025-05-30 12:29:39,2025-06-01 22:50:39,low,permissions,resolved,5,444,3945,1440,true,false,2,2025-05-01,2025-06-01
T10154,A1046,Pioneer Solutions,smb,NA,CA,Growth Monthly,growth,priority,W2100,pioneer-core,prod,U3430,2025-05-01 04:33:57,2025-05-01 07:00:57,2025-05-01 19:58:57,medium,model_error,resolved,5,147,925,240,true,false,0,2025-05-01,2025-05-01
T10155,A1047,Orchid Global,enterprise,APAC,AU,Enterprise Annual,enterprise,premium,W2103,orchid-finance,prod,U3440,2025-05-29 16:33:13,2025-05-29 17:44:13,2025-05-30 21:08:13,medium,dashboard_filter,resolved,5,71,1715,240,true,false,1,2025-05-01,2025-05-01
T10158,A1047,Orchid Global,enterprise,APAC,AU,Enterprise Annual,enterprise,premium,W2103,orchid-finance,prod,U3443,2025-05-02 19:40:03,2025-05-02 21:01:03,2025-05-03 17:35:03,medium,model_error,resolved,4,81,1315,240,true,false,1,2025-05-01,2025-05-01
T10159,A1047,Orchid Global,enterprise,APAC,AU,Enterprise Annual,enterprise,premium,W2101,orchid-core,prod,U3447,2025-04-12 04:06:15,2025-04-12 05:38:15,2025-04-14 21:30:15,medium,dashboard_filter,resolved,4,92,3924,240,true,false,2,2025-04-01,2025-04-01
T10160,A1047,Orchid Global,enterprise,APAC,AU,Enterprise Annual,enterprise,premium,W2101,orchid-core,prod,U3444,2025-05-09 12:18:14,2025-05-09 19:18:14,2025-05-11 04:52:14,low,model_error,resolved,5,420,2434,1440,true,false,2,2025-05-01,2025-05-01
T10161,A1047,Orchid Global,enterprise,APAC,AU,Enterprise Annual,enterprise,premium,W2101,orchid-core,prod,U3449,2025-04-28 15:20:57,2025-04-28 15:45:57,,high,performance,in_progress,,25,,60,true,true,330,2025-04-01,
T10162,A1048,Orchid Capital,enterprise,APAC,NZ,Enterprise Annual,enterprise,premium,W2106,orchid-finance,prod,U3454,2025-06-04 08:44:18,2025-06-04 09:54:18,,medium,api_limit,in_progress,,70,,240,true,true,293,2025-06-01,
T10163,A1048,Orchid Capital,enterprise,APAC,NZ,Enterprise Annual,enterprise,premium,W2106,orchid-finance,prod,U3458,2025-05-19 00:50:25,2025-05-19 06:43:25,,low,data_freshness,open,,353,,1440,true,true,309,2025-05-01,
T10164,A1048,Orchid Capital,enterprise,APAC,NZ,Enterprise Annual,enterprise,premium,W2104,orchid-core,prod,U3452,2025-04-15 08:40:53,2025-04-15 14:42:53,2025-04-18 02:12:53,low,cancellation,resolved,4,362,3932,1440,true,false,3,2025-04-01,2025-04-01
T10165,A1048,Orchid Capital,enterprise,APAC,NZ,Enterprise Annual,enterprise,premium,W2104,orchid-core,prod,U3462,2025-05-30 19:28:56,2025-05-30 19:45:56,,high,sso,open,,17,,60,true,true,298,2025-05-01,
T10166,A1049,Northwind Network,enterprise,NA,CA,Enterprise Annual,enterprise,premium,W2107,northwind-core,prod,U3473,2025-05-22 11:57:27,2025-05-22 18:07:27,2025-05-25 05:46:27,low,permissions,resolved,5,370,3949,1440,true,false,3,2025-05-01,2025-05-01
T10167,A1049,Northwind Network,enterprise,NA,CA,Enterprise Annual,enterprise,premium,W2108,northwind-ops,prod,U3483,2025-05-27 17:29:08,2025-05-27 19:02:08,2025-05-30 09:07:08,medium,permissions,resolved,4,93,3818,240,true,false,3,2025-05-01,2025-05-01
T10168,A1049,Northwind Network,enterprise,NA,CA,Enterprise Annual,enterprise,premium,W2107,northwind-core,prod,U3479,2025-05-05 04:16:46,2025-05-05 04:23:46,2025-05-06 00:46:46,urgent,dashboard_filter,resolved,4,7,1230,30,true,false,1,2025-05-01,2025-05-01
T10169,A1049,Northwind Network,enterprise,NA,CA,Enterprise Annual,enterprise,premium,W2109,northwind-finance,prod,U3484,2025-06-01 16:13:15,2025-06-01 17:19:15,,medium,billing,open,,66,,240,true,true,296,2025-06-01,
T10170,A1049,Northwind Network,enterprise,NA,CA,Enterprise Annual,enterprise,premium,W2109,northwind-finance,prod,U3486,2025-05-22 02:08:28,2025-05-22 06:45:28,2025-05-25 06:15:28,low,performance,resolved,4,277,4567,1440,true,false,3,2025-05-01,2025-05-01
T10171,A1049,Northwind Network,enterprise,NA,CA,Enterprise Annual,enterprise,premium,W2107,northwind-core,prod,U3473,2025-04-29 10:09:13,2025-04-29 17:54:13,2025-05-01 18:48:13,low,dashboard_filter,resolved,3,465,3399,1440,true,false,2,2025-04-01,2025-05-01
T10172,A1049,Northwind Network,enterprise,NA,CA,Enterprise Annual,enterprise,premium,W2109,northwind-finance,prod,U3471,2025-05-10 23:28:03,2025-05-11 01:50:03,2025-05-13 14:04:03,medium,dashboard_filter,resolved,4,142,3756,240,true,false,3,2025-05-01,2025-05-01
T10174,A1051,Lighthouse Systems,smb,EMEA,UK,Growth Monthly,growth,priority,W2112,lighthouse-core,prod,U3495,2025-04-05 17:48:20,2025-04-05 22:47:20,2025-04-08 11:33:20,low,sso,resolved,4,299,3945,1440,true,false,3,2025-04-01,2025-04-01
T10175,A1051,Lighthouse Systems,smb,EMEA,UK,Growth Monthly,growth,priority,W2112,lighthouse-core,prod,U3492,2025-04-04 12:53:52,2025-04-04 14:50:52,2025-04-07 01:47:52,medium,dashboard_filter,resolved,3,117,3654,240,true,false,3,2025-04-01,2025-04-01
T10176,A1051,Lighthouse Systems,smb,EMEA,UK,Growth Monthly,growth,priority,W2112,lighthouse-core,prod,U3491,2025-06-09 04:31:19,2025-06-09 18:50:19,2025-06-10 16:30:19,low,model_error,resolved,4,859,2159,1440,true,false,1,2025-06-01,2025-06-01
T10177,A1052,Sierra Labs,mid_market,APAC,NZ,Growth Monthly,growth,priority,W2114,sierra-ops,prod,U3499,2025-05-22 14:40:56,2025-05-22 20:23:56,2025-05-25 05:12:56,low,sso,resolved,5,343,3752,1440,true,false,3,2025-05-01,2025-05-01
T10178,A1052,Sierra Labs,mid_market,APAC,NZ,Growth Monthly,growth,priority,W2114,sierra-ops,prod,U3498,2025-05-10 04:34:16,2025-05-10 14:10:16,2025-05-12 16:54:16,low,api_limit,resolved,5,576,3620,1440,true,false,2,2025-05-01,2025-05-01
T10179,A1052,Sierra Labs,mid_market,APAC,NZ,Growth Monthly,growth,priority,W2114,sierra-ops,prod,U3501,2025-05-29 12:44:45,2025-05-29 14:37:45,2025-05-31 21:47:45,medium,data_freshness,resolved,5,113,3423,240,true,false,2,2025-05-01,2025-05-01
T10181,A1052,Sierra Labs,mid_market,APAC,NZ,Growth Monthly,growth,priority,W2114,sierra-ops,prod,U3506,2025-06-15 13:21:59,2025-06-15 16:07:59,2025-06-18 14:52:59,medium,permissions,resolved,4,166,4411,240,true,false,3,2025-06-01,2025-06-01
T10182,A1053,Bright Health,mid_market,NA,CA,Growth Monthly,growth,priority,W2116,bright-ops,prod,U3508,2025-05-03 01:20:38,2025-05-03 03:57:38,2025-05-04 17:26:38,medium,model_error,resolved,5,157,2406,240,true,false,1,2025-05-01,2025-05-01
T10183,A1053,Bright Health,mid_market,NA,CA,Growth Monthly,growth,priority,W2116,bright-ops,prod,U3511,2025-05-04 19:18:13,2025-05-04 21:50:13,2025-05-06 14:01:13,medium,model_error,resolved,5,152,2563,240,true,false,2,2025-05-01,2025-05-01
T10184,A1053,Bright Health,mid_market,NA,CA,Growth Monthly,growth,priority,W2116,bright-ops,prod,U3512,2025-05-31 09:29:38,2025-05-31 16:52:38,2025-06-01 07:33:38,low,performance,resolved,5,443,1324,1440,true,false,1,2025-05-01,2025-06-01
T10185,A1054,Granite Labs,mid_market,APAC,NZ,Enterprise Monthly,enterprise,premium,W2120,granite-finance,prod,U3527,2025-06-02 02:00:16,2025-06-02 02:34:16,2025-06-04 14:10:16,high,sso,resolved,4,34,3610,60,true,false,2,2025-06-01,2025-06-01
T10186,A1054,Granite Labs,mid_market,APAC,NZ,Enterprise Monthly,enterprise,premium,W2118,granite-core,prod,U3523,2025-04-24 19:48:18,2025-04-24 20:30:18,2025-04-25 02:09:18,high,dashboard_filter,resolved,2,42,381,60,true,false,1,2025-04-01,2025-04-01
T10187,A1054,Granite Labs,mid_market,APAC,NZ,Enterprise Monthly,enterprise,premium,W2119,granite-ops,prod,U3523,2025-06-12 09:20:11,2025-06-13 01:32:11,2025-06-15 18:45:11,low,sso,resolved,5,972,4885,1440,true,false,3,2025-06-01,2025-06-01
T10188,A1054,Granite Labs,mid_market,APAC,NZ,Enterprise Monthly,enterprise,premium,W2118,granite-core,prod,U3526,2025-06-07 12:11:47,2025-06-07 12:59:47,2025-06-09 09:33:47,high,dashboard_filter,resolved,3,48,2722,60,true,false,2,2025-06-01,2025-06-01
T10189,A1054,Granite Labs,mid_market,APAC,NZ,Enterprise Monthly,enterprise,premium,W2120,granite-finance,prod,U3524,2025-06-03 08:28:29,2025-06-03 18:55:29,,low,performance,open,,627,,1440,true,true,294,2025-06-01,
T10190,A1055,Pioneer Systems,mid_market,EMEA,FR,Growth Monthly,growth,priority,W2121,pioneer-core,prod,U3532,2025-05-10 09:59:35,2025-05-10 12:37:35,2025-05-11 00:39:35,medium,billing,resolved,5,158,880,240,true,false,1,2025-05-01,2025-05-01
T10191,A1055,Pioneer Systems,mid_market,EMEA,FR,Growth Monthly,growth,priority,W2122,pioneer-ops,sandbox,U3539,2025-04-22 14:24:31,2025-04-22 18:09:31,2025-04-23 14:45:31,medium,performance,resolved,5,225,1461,240,true,false,1,2025-04-01,2025-04-01
T10192,A1055,Pioneer Systems,mid_market,EMEA,FR,Growth Monthly,growth,priority,W2122,pioneer-ops,sandbox,U3535,2025-04-19 01:48:32,2025-04-19 03:19:32,2025-04-19 21:40:32,medium,model_error,resolved,3,91,1192,240,true,false,0,2025-04-01,2025-04-01
T10193,A1056,Delta Global,mid_market,APAC,AU,Growth Monthly,growth,priority,W2123,delta-core,prod,U3552,2025-06-18 04:05:18,2025-06-18 04:47:18,2025-06-20 18:50:18,high,model_error,resolved,4,42,3765,60,true,false,2,2025-06-01,2025-06-01
T10194,A1056,Delta Global,mid_market,APAC,AU,Growth Monthly,growth,priority,W2123,delta-core,prod,U3546,2025-05-24 21:23:45,2025-05-25 04:18:45,2025-05-27 16:32:45,low,permissions,resolved,5,415,4029,1440,true,false,3,2025-05-01,2025-05-01
T10196,A1056,Delta Global,mid_market,APAC,AU,Growth Monthly,growth,priority,W2123,delta-core,prod,U3545,2025-05-21 17:06:53,2025-05-21 17:49:53,2025-05-23 10:35:53,high,api_limit,resolved,2,43,2489,60,true,false,2,2025-05-01,2025-05-01
T10197,A1057,Harbor Partners,enterprise,APAC,NZ,Enterprise Annual,enterprise,premium,W2127,harbor-ops,sandbox,U3554,2025-06-07 00:26:36,2025-06-07 04:09:36,2025-06-08 00:59:36,low,api_limit,resolved,3,223,1473,1440,true,false,1,2025-06-01,2025-06-01
T10198,A1057,Harbor Partners,enterprise,APAC,NZ,Enterprise Annual,enterprise,premium,W2129,harbor-marketing,prod,U3566,2025-05-21 18:23:28,2025-05-22 02:38:28,2025-05-24 09:46:28,low,performance,resolved,3,495,3803,1440,true,false,3,2025-05-01,2025-05-01
T10199,A1057,Harbor Partners,enterprise,APAC,NZ,Enterprise Annual,enterprise,premium,W2127,harbor-ops,sandbox,U3562,2025-04-29 04:31:13,2025-04-29 11:27:13,2025-04-29 18:54:13,low,permissions,resolved,4,416,863,1440,true,false,0,2025-04-01,2025-04-01
T10201,A1057,Harbor Partners,enterprise,APAC,NZ,Enterprise Annual,enterprise,premium,W2129,harbor-marketing,prod,U3565,2025-04-26 21:52:12,2025-04-26 22:56:12,2025-04-28 13:02:12,medium,cancellation,resolved,4,64,2350,240,true,false,2,2025-04-01,2025-04-01
T10203,A1057,Harbor Partners,enterprise,APAC,NZ,Enterprise Annual,enterprise,premium,W2127,harbor-ops,sandbox,U3561,2025-06-02 14:43:31,2025-06-02 16:17:31,,medium,api_limit,in_progress,,94,,240,true,true,295,2025-06-01,
T10204,A1058,Evergreen Analytics,smb,EMEA,UK,Starter Monthly,starter,standard,W2131,evergreen-ops,prod,U3567,2025-05-03 23:31:29,2025-05-04 02:00:29,2025-05-04 23:54:29,medium,sso,resolved,4,149,1463,240,true,false,1,2025-05-01,2025-05-01
T10206,A1058,Evergreen Analytics,smb,EMEA,UK,Starter Monthly,starter,standard,W2130,evergreen-core,prod,U3569,2025-04-06 10:38:55,2025-04-06 19:21:55,2025-04-08 23:32:55,low,api_limit,resolved,5,523,3654,1440,true,false,2,2025-04-01,2025-04-01
T10207,A1059,Evergreen Partners,mid_market,NA,CA,Enterprise Monthly,enterprise,premium,W2132,evergreen-core,prod,U3578,2025-05-31 07:03:09,2025-05-31 07:56:09,2025-06-02 11:48:09,high,billing,resolved,5,53,3165,60,true,false,2,2025-05-01,2025-06-01
T10208,A1059,Evergreen Partners,mid_market,NA,CA,Enterprise Monthly,enterprise,premium,W2132,evergreen-core,prod,U3581,2025-05-26 23:01:58,2025-05-27 01:50:58,2025-05-28 12:46:58,medium,dashboard_filter,resolved,5,169,2265,240,true,false,2,2025-05-01,2025-05-01
T10209,A1059,Evergreen Partners,mid_market,NA,CA,Enterprise Monthly,enterprise,premium,W2132,evergreen-core,prod,U3581,2025-04-16 02:06:12,2025-04-16 05:49:12,2025-04-17 08:51:12,medium,model_error,resolved,4,223,1845,240,true,false,1,2025-04-01,2025-04-01
T10210,A1059,Evergreen Partners,mid_market,NA,CA,Enterprise Monthly,enterprise,premium,W2133,evergreen-ops,sandbox,U3574,2025-05-28 20:36:04,2025-05-29 03:21:04,2025-05-29 23:12:04,low,data_freshness,resolved,4,405,1596,1440,true,false,1,2025-05-01,2025-05-01
T10211,A1059,Evergreen Partners,mid_market,NA,CA,Enterprise Monthly,enterprise,premium,W2133,evergreen-ops,sandbox,U3576,2025-04-25 17:15:19,2025-04-25 19:42:19,2025-04-26 06:50:19,medium,model_error,resolved,5,147,815,240,true,false,1,2025-04-01,2025-04-01
T10212,A1060,Cedar Foods,mid_market,NA,CA,Growth Monthly,growth,priority,W2135,cedar-ops,sandbox,U3597,2025-06-05 17:55:39,2025-06-05 20:08:39,2025-06-08 15:20:39,medium,data_freshness,resolved,4,133,4165,240,true,false,3,2025-06-01,2025-06-01
T10214,A1061,Atlas Capital,enterprise,EMEA,FR,Enterprise Monthly,enterprise,premium,W2136,atlas-core,prod,U3604,2025-05-01 07:17:48,2025-05-01 07:57:48,2025-05-02 11:43:48,medium,permissions,resolved,5,40,1706,240,true,false,1,2025-05-01,2025-05-01
T10216,A1061,Atlas Capital,enterprise,EMEA,FR,Enterprise Monthly,enterprise,premium,W2136,atlas-core,prod,U3608,2025-05-25 02:26:34,2025-05-25 02:52:34,2025-05-25 10:38:34,high,dashboard_filter,resolved,5,26,492,60,true,false,0,2025-05-01,2025-05-01
T10218,A1062,Delta Manufacturing,enterprise,EMEA,NL,Enterprise Monthly,enterprise,premium,W2140,delta-ops,prod,U3618,2025-06-06 19:13:40,2025-06-06 19:38:40,2025-06-08 18:06:40,high,api_limit,resolved,4,25,2813,60,true,false,2,2025-06-01,2025-06-01
T10219,A1062,Delta Manufacturing,enterprise,EMEA,NL,Enterprise Monthly,enterprise,premium,W2139,delta-core,prod,U3622,2025-05-15 10:06:58,2025-05-15 10:52:58,2025-05-16 02:25:58,medium,api_limit,resolved,5,46,979,240,true,false,1,2025-05-01,2025-05-01
T10220,A1062,Delta Manufacturing,enterprise,EMEA,NL,Enterprise Monthly,enterprise,premium,W2139,delta-core,prod,U3620,2025-06-05 08:31:40,2025-06-05 08:36:40,2025-06-06 01:11:40,urgent,cancellation,resolved,5,5,1000,30,true,false,1,2025-06-01,2025-06-01
T10221,A1063,Maple Global,smb,NA,CA,Starter Monthly,starter,standard,W2142,maple-core,prod,U3631,2025-04-12 01:32:03,2025-04-12 04:02:03,,medium,dashboard_filter,in_progress,,150,,240,true,true,346,2025-04-01,
T10222,A1063,Maple Global,smb,NA,CA,Starter Monthly,starter,standard,W2142,maple-core,prod,U3632,2025-05-09 06:50:11,2025-05-09 09:35:11,2025-05-11 12:00:11,medium,performance,resolved,4,165,3190,240,true,false,2,2025-05-01,2025-05-01
T10223,A1064,Atlas Health,smb,NA,US,Starter Monthly,starter,standard,W2143,atlas-core,prod,U3634,2025-05-19 15:33:04,2025-05-20 05:32:04,2025-05-22 06:37:04,low,performance,resolved,5,839,3784,1440,true,false,3,2025-05-01,2025-05-01
T10225,A1065,Vertex Partners,mid_market,NA,US,Growth Monthly,growth,priority,W2145,vertex-ops,prod,U3643,2025-04-27 11:41:45,2025-04-27 19:54:45,2025-04-30 02:25:45,low,dashboard_filter,resolved,3,493,3764,1440,true,false,3,2025-04-01,2025-04-01
T10226,A1065,Vertex Partners,mid_market,NA,US,Growth Monthly,growth,priority,W2144,vertex-core,prod,U3643,2025-04-22 11:47:53,2025-04-22 12:26:53,2025-04-22 21:35:53,high,dashboard_filter,resolved,5,39,588,60,true,false,0,2025-04-01,2025-04-01
T10227,A1066,Pacific Capital,mid_market,APAC,NZ,Enterprise Monthly,enterprise,premium,W2147,pacific-ops,prod,U3649,2025-06-01 11:53:08,2025-06-02 00:05:08,2025-06-04 11:55:08,low,permissions,resolved,3,732,4322,1440,true,false,3,2025-06-01,2025-06-01
T10228,A1066,Pacific Capital,mid_market,APAC,NZ,Enterprise Monthly,enterprise,premium,W2146,pacific-core,prod,U3650,2025-05-18 10:28:25,2025-05-18 11:00:25,2025-05-21 04:49:25,urgent,api_limit,resolved,4,32,3981,30,false,false,3,2025-05-01,2025-05-01
T10229,A1066,Pacific Capital,mid_market,APAC,NZ,Enterprise Monthly,enterprise,premium,W2146,pacific-core,prod,U3655,2025-04-17 22:01:04,2025-04-18 00:42:04,2025-04-18 16:45:04,medium,model_error,resolved,4,161,1124,240,true,false,1,2025-04-01,2025-04-01
T10230,A1067,Maple Energy,mid_market,NA,CA,Growth Monthly,growth,priority,W2149,maple-ops,sandbox,U3664,2025-04-16 21:56:35,2025-04-17 00:05:35,,medium,api_limit,in_progress,,129,,240,true,true,342,2025-04-01,
T10232,A1067,Maple Energy,mid_market,NA,CA,Growth Monthly,growth,priority,W2149,maple-ops,sandbox,U3662,2025-05-14 17:33:03,2025-05-14 20:44:03,2025-05-17 11:23:03,medium,sso,resolved,4,191,3950,240,true,false,3,2025-05-01,2025-05-01
T10233,A1067,Maple Energy,mid_market,NA,CA,Growth Monthly,growth,priority,W2149,maple-ops,sandbox,U3660,2025-06-12 17:58:13,2025-06-13 01:42:13,2025-06-13 10:17:13,low,sso,resolved,4,464,979,1440,true,false,1,2025-06-01,2025-06-01
T10235,A1068,Helio Health,enterprise,APAC,SG,Enterprise Monthly,enterprise,premium,W2152,helio-finance,sandbox,U3669,2025-05-28 03:12:49,2025-05-28 05:13:49,2025-05-30 08:36:49,medium,performance,resolved,5,121,3204,240,true,false,2,2025-05-01,2025-05-01
T10237,A1068,Helio Health,enterprise,APAC,SG,Enterprise Monthly,enterprise,premium,W2150,helio-core,prod,U3679,2025-04-25 19:00:56,2025-04-25 19:19:56,2025-04-27 01:18:56,high,api_limit,resolved,5,19,1818,60,true,false,2,2025-04-01,2025-04-01
T10238,A1068,Helio Health,enterprise,APAC,SG,Enterprise Monthly,enterprise,premium,W2152,helio-finance,sandbox,U3672,2025-04-03 06:46:03,2025-04-03 07:06:03,2025-04-05 09:10:03,high,sso,resolved,4,20,3024,60,true,false,2,2025-04-01,2025-04-01
T10239,A1068,Helio Health,enterprise,APAC,SG,Enterprise Monthly,enterprise,premium,W2150,helio-core,prod,U3679,2025-06-06 19:53:24,2025-06-06 22:43:24,2025-06-09 16:26:24,medium,api_limit,resolved,4,170,4113,240,true,false,3,2025-06-01,2025-06-01
T10240,A1068,Helio Health,enterprise,APAC,SG,Enterprise Monthly,enterprise,premium,W2152,helio-finance,sandbox,U3667,2025-06-10 14:39:11,2025-06-10 15:39:11,2025-06-11 20:10:11,medium,sso,resolved,4,60,1771,240,true,false,1,2025-06-01,2025-06-01
T10241,A1068,Helio Health,enterprise,APAC,SG,Enterprise Monthly,enterprise,premium,W2150,helio-core,prod,U3667,2025-05-18 14:42:23,2025-05-18 16:32:23,2025-05-20 10:22:23,medium,sso,resolved,5,110,2620,240,true,false,2,2025-05-01,2025-05-01
T10242,A1069,Bright Foods,enterprise,NA,CA,Enterprise Annual,enterprise,premium,W2154,bright-core,prod,U3687,2025-05-27 21:08:15,2025-05-27 22:54:15,2025-05-30 00:56:15,medium,model_error,resolved,4,106,3108,240,true,false,3,2025-05-01,2025-05-01
T10243,A1069,Bright Foods,enterprise,NA,CA,Enterprise Annual,enterprise,premium,W2154,bright-core,prod,U3689,2025-05-24 15:21:59,2025-05-24 17:44:59,2025-05-27 00:32:59,medium,permissions,resolved,4,143,3431,240,true,false,3,2025-05-01,2025-05-01
T10244,A1069,Bright Foods,enterprise,NA,CA,Enterprise Annual,enterprise,premium,W2156,bright-finance,prod,U3683,2025-05-23 06:52:09,2025-05-23 07:17:09,2025-05-26 07:05:09,high,api_limit,resolved,5,25,4333,60,true,false,3,2025-05-01,2025-05-01
T10247,A1071,Evergreen Group,mid_market,NA,CA,Enterprise Monthly,enterprise,premium,W2159,evergreen-ops,prod,U3710,2025-06-09 13:53:32,2025-06-09 14:30:32,2025-06-12 13:21:32,high,dashboard_filter,resolved,3,37,4288,60,true,false,3,2025-06-01,2025-06-01
T10249,A1072,Summit Ventures,enterprise,NA,US,Enterprise Annual,enterprise,premium,W2161,summit-core,prod,U3732,2025-04-22 21:15:26,2025-04-23 04:28:26,2025-04-24 17:12:26,low,sso,resolved,5,433,2637,1440,true,false,2,2025-04-01,2025-04-01
T10250,A1072,Summit Ventures,enterprise,NA,US,Enterprise Annual,enterprise,premium,W2162,summit-ops,prod,U3718,2025-05-03 13:30:01,2025-05-03 13:35:01,2025-05-05 02:07:01,urgent,data_freshness,resolved,4,5,2197,30,true,false,2,2025-05-01,2025-05-01
T10251,A1072,Summit Ventures,enterprise,NA,US,Enterprise Annual,enterprise,premium,W2161,summit-core,prod,U3722,2025-05-11 22:46:00,2025-05-12 04:53:00,2025-05-13 10:00:00,low,performance,resolved,3,367,2114,1440,true,false,2,2025-05-01,2025-05-01
T10252,A1072,Summit Ventures,enterprise,NA,US,Enterprise Annual,enterprise,premium,W2163,summit-finance,sandbox,U3731,2025-04-19 18:20:42,2025-04-19 18:32:42,2025-04-21 21:56:42,high,performance,resolved,3,12,3096,60,true,false,2,2025-04-01,2025-04-01
T10253,A1073,Silver Holdings,mid_market,EMEA,DE,Enterprise Monthly,enterprise,premium,W2165,silver-ops,prod,U3735,2025-06-01 20:03:30,2025-06-01 22:33:30,2025-06-04 14:08:30,medium,dashboard_filter,resolved,3,150,3965,240,true,false,3,2025-06-01,2025-06-01
T10254,A1073,Silver Holdings,mid_market,EMEA,DE,Enterprise Monthly,enterprise,premium,W2165,silver-ops,prod,U3736,2025-04-26 10:02:03,2025-04-26 10:45:03,2025-04-27 20:50:03,high,model_error,resolved,3,43,2088,60,true,false,1,2025-04-01,2025-04-01
T10255,A1073,Silver Holdings,mid_market,EMEA,DE,Enterprise Monthly,enterprise,premium,W2164,silver-core,prod,U3744,2025-05-31 00:53:17,2025-05-31 04:17:17,2025-06-02 14:36:17,medium,dashboard_filter,resolved,4,204,3703,240,true,false,2,2025-05-01,2025-06-01
T10256,A1073,Silver Holdings,mid_market,EMEA,DE,Enterprise Monthly,enterprise,premium,W2164,silver-core,prod,U3741,2025-05-06 08:30:20,2025-05-06 08:38:20,,urgent,billing,open,,8,,30,true,true,322,2025-05-01,
T10258,A1074,Granite Analytics,mid_market,NA,CA,Growth Monthly,growth,priority,W2168,granite-finance,prod,U3753,2025-05-26 23:28:41,2025-05-27 02:42:41,2025-05-28 02:31:41,medium,permissions,resolved,3,194,1623,240,true,false,2,2025-05-01,2025-05-01
T10259,A1074,Granite Analytics,mid_market,NA,CA,Growth Monthly,growth,priority,W2167,granite-ops,prod,U3755,2025-05-02 14:30:12,2025-05-02 17:28:12,2025-05-04 18:59:12,medium,api_limit,resolved,4,178,3149,240,true,false,2,2025-05-01,2025-05-01
T10260,A1074,Granite Analytics,mid_market,NA,CA,Growth Monthly,growth,priority,W2168,granite-finance,prod,U3756,2025-06-05 16:39:10,2025-06-06 05:34:10,,low,performance,in_progress,,775,,1440,true,true,292,2025-06-01,
T10261,A1074,Granite Analytics,mid_market,NA,CA,Growth Monthly,growth,priority,W2166,granite-core,prod,U3754,2025-05-18 22:50:16,2025-05-19 07:18:16,2025-05-20 12:59:16,low,dashboard_filter,resolved,3,508,2289,1440,true,false,2,2025-05-01,2025-05-01
T10262,A1075,Cedar Labs,smb,EMEA,UK,Starter Monthly,starter,standard,W2169,cedar-core,prod,U3763,2025-04-23 03:07:18,2025-04-23 15:25:18,2025-04-26 14:50:18,low,api_limit,resolved,4,738,5023,1440,true,false,3,2025-04-01,2025-04-01
T10263,A1076,Atlas Solutions,mid_market,EMEA,UK,Growth Monthly,growth,priority,W2171,atlas-ops,prod,U3772,2025-06-11 21:33:07,2025-06-12 02:46:07,2025-06-14 01:02:07,low,model_error,resolved,5,313,3089,1440,true,false,3,2025-06-01,2025-06-01
T10264,A1076,Atlas Solutions,mid_market,EMEA,UK,Growth Monthly,growth,priority,W2170,atlas-core,prod,U3777,2025-05-12 14:12:11,2025-05-12 16:48:11,,medium,sso,open,,156,,240,true,true,316,2025-05-01,
T10266,A1077,Evergreen Foods,mid_market,NA,CA,Growth Monthly,growth,priority,W2173,evergreen-ops,prod,U3782,2025-05-18 22:13:07,2025-05-18 22:33:07,2025-05-20 14:40:07,urgent,data_freshness,resolved,5,20,2427,30,true,false,2,2025-05-01,2025-05-01
T10267,A1077,Evergreen Foods,mid_market,NA,CA,Growth Monthly,growth,priority,W2172,evergreen-core,prod,U3788,2025-05-23 00:58:58,2025-05-23 01:13:58,2025-05-23 22:55:58,urgent,dashboard_filter,resolved,5,15,1317,30,true,false,0,2025-05-01,2025-05-01
T10268,A1077,Evergreen Foods,mid_market,NA,CA,Growth Monthly,growth,priority,W2173,evergreen-ops,prod,U3789,2025-06-16 00:24:24,2025-06-16 02:02:24,2025-06-16 17:25:24,medium,model_error,resolved,2,98,1021,240,true,false,0,2025-06-01,2025-06-01
T10270,A1078,Beacon Foods,mid_market,EMEA,FR,Growth Monthly,growth,priority,W2175,beacon-core,prod,U3799,2025-05-29 05:30:26,2025-05-29 16:32:26,2025-05-30 12:09:26,low,performance,resolved,4,662,1839,1440,true,false,1,2025-05-01,2025-05-01
T10272,A1078,Beacon Foods,mid_market,EMEA,FR,Growth Monthly,growth,priority,W2176,beacon-ops,prod,U3798,2025-04-21 00:49:12,2025-04-21 10:24:12,,low,data_freshness,open,,575,,1440,true,true,337,2025-04-01,
T10273,A1078,Beacon Foods,mid_market,EMEA,FR,Growth Monthly,growth,priority,W2176,beacon-ops,prod,U3798,2025-04-13 10:25:24,2025-04-13 13:29:24,2025-04-16 02:38:24,medium,performance,resolved,4,184,3853,240,true,false,3,2025-04-01,2025-04-01
T10274,A1079,Nova Foods,enterprise,EMEA,FR,Enterprise Annual,enterprise,premium,W2178,nova-core,prod,U3822,2025-05-05 14:26:20,2025-05-05 14:42:20,2025-05-06 05:24:20,high,billing,resolved,4,16,898,60,true,false,1,2025-05-01,2025-05-01
T10275,A1079,Nova Foods,enterprise,EMEA,FR,Enterprise Annual,enterprise,premium,W2179,nova-ops,prod,U3811,2025-04-18 07:31:50,2025-04-18 08:53:50,2025-04-19 22:34:50,medium,dashboard_filter,resolved,4,82,2343,240,true,false,1,2025-04-01,2025-04-01
T10277,A1079,Nova Foods,enterprise,EMEA,FR,Enterprise Annual,enterprise,premium,W2181,nova-marketing,prod,U3812,2025-04-18 10:04:57,2025-04-18 11:44:57,2025-04-20 11:15:57,medium,performance,resolved,4,100,2951,240,true,false,2,2025-04-01,2025-04-01
T10278,A1079,Nova Foods,enterprise,EMEA,FR,Enterprise Annual,enterprise,premium,W2181,nova-marketing,prod,U3818,2025-06-02 08:36:25,2025-06-02 08:51:25,2025-06-04 13:51:25,urgent,sso,resolved,2,15,3195,30,true,false,2,2025-06-01,2025-06-01
T10279,A1079,Nova Foods,enterprise,EMEA,FR,Enterprise Annual,enterprise,premium,W2180,nova-finance,prod,U3818,2025-04-28 22:11:35,2025-04-28 22:43:35,2025-05-01 10:54:35,high,data_freshness,resolved,4,32,3643,60,true,false,3,2025-04-01,2025-05-01
T10280,A1079,Nova Foods,enterprise,EMEA,FR,Enterprise Annual,enterprise,premium,W2180,nova-finance,prod,U3805,2025-05-18 02:26:56,2025-05-18 04:01:56,2025-05-20 16:37:56,medium,api_limit,resolved,4,95,3731,240,true,false,2,2025-05-01,2025-05-01
T10281,A1080,Beacon Global,mid_market,EMEA,NL,Growth Monthly,growth,priority,W2182,beacon-core,prod,U3834,2025-06-03 01:28:26,2025-06-03 02:25:26,2025-06-05 18:14:26,high,permissions,resolved,4,57,3886,60,true,false,2,2025-06-01,2025-06-01
T10282,A1080,Beacon Global,mid_market,EMEA,NL,Growth Monthly,growth,priority,W2182,beacon-core,prod,U3834,2025-06-07 21:38:41,2025-06-08 12:53:41,2025-06-08 18:48:41,low,api_limit,resolved,3,915,1270,1440,true,false,1,2025-06-01,2025-06-01
T10283,A1080,Beacon Global,mid_market,EMEA,NL,Growth Monthly,growth,priority,W2182,beacon-core,prod,U3832,2025-06-22 16:11:06,2025-06-22 19:39:06,2025-06-24 02:22:06,medium,api_limit,resolved,5,208,2051,240,true,false,2,2025-06-01,2025-06-01
T10284,A1080,Beacon Global,mid_market,EMEA,NL,Growth Monthly,growth,priority,W2182,beacon-core,prod,U3828,2025-04-17 10:23:21,2025-04-17 19:17:21,,low,sso,open,,534,,1440,true,true,341,2025-04-01,
T10285,A1080,Beacon Global,mid_market,EMEA,NL,Growth Monthly,growth,priority,W2183,beacon-ops,prod,U3831,2025-05-13 12:25:09,2025-05-13 13:45:09,,medium,data_freshness,in_progress,,80,,240,true,true,315,2025-05-01,
T10286,A1081,River Collective,mid_market,NA,CA,Enterprise Monthly,enterprise,premium,W2185,river-ops,sandbox,U3837,2025-04-07 20:11:07,2025-04-08 06:55:07,2025-04-10 15:13:07,low,permissions,resolved,4,644,4022,1440,true,false,3,2025-04-01,2025-04-01
T10287,A1081,River Collective,mid_market,NA,CA,Enterprise Monthly,enterprise,premium,W2186,river-finance,prod,U3840,2025-06-22 02:52:23,2025-06-22 04:17:23,,medium,api_limit,in_progress,,85,,240,true,true,275,2025-06-01,
T10288,A1081,River Collective,mid_market,NA,CA,Enterprise Monthly,enterprise,premium,W2184,river-core,prod,U3835,2025-05-04 08:03:18,2025-05-04 08:48:18,2025-05-07 05:25:18,high,model_error,resolved,3,45,4162,60,true,false,3,2025-05-01,2025-05-01
T10290,A1082,Summit Manufacturing,mid_market,NA,US,Starter Monthly,starter,standard,W2187,summit-core,prod,U3845,2025-04-26 04:10:30,2025-04-26 04:35:30,,urgent,permissions,open,,25,,30,true,true,332,2025-04-01,
T10291,A1082,Summit Manufacturing,mid_market,NA,US,Starter Monthly,starter,standard,W2187,summit-core,prod,U3850,2025-05-03 16:55:51,2025-05-03 19:47:51,2025-05-06 07:56:51,medium,api_limit,resolved,2,172,3781,240,true,false,3,2025-05-01,2025-05-01
T10292,A1082,Summit Manufacturing,mid_market,NA,US,Starter Monthly,starter,standard,W2187,summit-core,prod,U3850,2025-05-31 23:21:35,2025-06-01 02:21:35,,medium,data_freshness,open,,180,,240,true,true,297,2025-05-01,
T10295,A1082,Summit Manufacturing,mid_market,NA,US,Starter Monthly,starter,standard,W2187,summit-core,prod,U3846,2025-04-08 08:09:08,2025-04-08 08:31:08,2025-04-10 23:15:08,urgent,dashboard_filter,resolved,3,22,3786,30,true,false,2,2025-04-01,2025-04-01
T10296,A1083,Falcon Works,mid_market,NA,CA,Growth Monthly,growth,priority,W2188,falcon-core,prod,U3853,2025-05-04 09:35:24,2025-05-04 10:11:24,2025-05-06 17:30:24,high,permissions,resolved,2,36,3355,60,true,false,2,2025-05-01,2025-05-01
T10297,A1083,Falcon Works,mid_market,NA,CA,Growth Monthly,growth,priority,W2188,falcon-core,prod,U3855,2025-04-09 10:56:04,2025-04-09 17:13:04,2025-04-11 20:22:04,low,model_error,resolved,5,377,3446,1440,true,false,2,2025-04-01,2025-04-01
T10298,A1083,Falcon Works,mid_market,NA,CA,Growth Monthly,growth,priority,W2189,falcon-ops,sandbox,U3857,2025-06-01 02:05:06,2025-06-01 05:07:06,2025-06-03 17:10:06,medium,dashboard_filter,resolved,4,182,3785,240,true,false,2,2025-06-01,2025-06-01
T10299,A1083,Falcon Works,mid_market,NA,CA,Growth Monthly,growth,priority,W2188,falcon-core,prod,U3855,2025-06-03 04:49:20,2025-06-03 13:53:20,2025-06-05 19:20:20,low,data_freshness,resolved,4,544,3751,1440,true,false,2,2025-06-01,2025-06-01
T10300,A1084,Silver Foods,mid_market,NA,CA,Enterprise Monthly,enterprise,premium,W2190,silver-core,prod,U3867,2025-06-18 09:55:49,2025-06-18 10:33:49,2025-06-19 09:35:49,high,data_freshness,resolved,2,38,1420,60,true,false,1,2025-06-01,2025-06-01
T10301,A1084,Silver Foods,mid_market,NA,CA,Enterprise Monthly,enterprise,premium,W2190,silver-core,prod,U3867,2025-05-13 14:22:23,2025-05-13 16:44:23,,medium,sso,in_progress,,142,,240,true,true,315,2025-05-01,
T10302,A1084,Silver Foods,mid_market,NA,CA,Enterprise Monthly,enterprise,premium,W2191,silver-ops,prod,U3868,2025-04-22 00:50:58,2025-04-22 09:07:58,2025-04-24 22:10:58,low,api_limit,resolved,3,497,4160,1440,true,false,2,2025-04-01,2025-04-01
T10303,A1084,Silver Foods,mid_market,NA,CA,Enterprise Monthly,enterprise,premium,W2190,silver-core,prod,U3865,2025-05-29 10:44:27,2025-05-29 11:10:27,2025-05-30 20:20:27,high,performance,resolved,4,26,2016,60,true,false,1,2025-05-01,2025-05-01
T10304,A1085,Sierra Capital,smb,NA,US,Starter Monthly,starter,standard,W2192,sierra-core,prod,U3871,2025-04-20 14:06:05,2025-04-20 16:57:05,2025-04-23 13:10:05,medium,performance,resolved,3,171,4264,240,true,false,3,2025-04-01,2025-04-01
T10305,A1085,Sierra Capital,smb,NA,US,Starter Monthly,starter,standard,W2192,sierra-core,prod,U3870,2025-04-03 17:48:59,2025-04-03 22:12:59,2025-04-06 03:27:59,medium,api_limit,resolved,5,264,3459,240,false,false,3,2025-04-01,2025-04-01
T10306,A1086,River Labs,smb,EMEA,FR,Starter Monthly,starter,standard,W2193,river-core,prod,U3873,2025-04-19 20:41:58,2025-04-19 23:27:58,,medium,model_error,open,,166,,240,true,true,339,2025-04-01,
T10307,A1086,River Labs,smb,EMEA,FR,Starter Monthly,starter,standard,W2193,river-core,prod,U3873,2025-05-29 02:05:37,2025-05-29 02:16:37,2025-05-30 20:22:37,urgent,api_limit,resolved,3,11,2537,30,true,false,1,2025-05-01,2025-05-01
T10308,A1087,Apex Capital,enterprise,NA,CA,Growth Monthly,growth,priority,W2194,apex-core,prod,U3883,2025-04-21 22:37:01,2025-04-22 05:16:01,2025-04-22 10:16:01,low,dashboard_filter,resolved,5,399,699,1440,true,false,1,2025-04-01,2025-04-01
T10309,A1087,Apex Capital,enterprise,NA,CA,Growth Monthly,growth,priority,W2194,apex-core,prod,U3881,2025-04-08 17:15:56,2025-04-08 17:33:56,2025-04-10 22:19:56,high,model_error,resolved,4,18,3184,60,true,false,2,2025-04-01,2025-04-01
T10310,A1087,Apex Capital,enterprise,NA,CA,Growth Monthly,growth,priority,W2194,apex-core,prod,U3885,2025-06-08 20:44:26,2025-06-09 04:07:26,2025-06-09 16:30:26,low,api_limit,resolved,5,443,1186,1440,true,false,1,2025-06-01,2025-06-01
T10311,A1087,Apex Capital,enterprise,NA,CA,Growth Monthly,growth,priority,W2194,apex-core,prod,U3880,2025-04-21 23:15:42,2025-04-22 01:00:42,2025-04-23 20:09:42,medium,model_error,resolved,4,105,2694,240,true,false,2,2025-04-01,2025-04-01
T10312,A1087,Apex Capital,enterprise,NA,CA,Growth Monthly,growth,priority,W2194,apex-core,prod,U3881,2025-06-09 11:09:27,2025-06-09 11:36:27,2025-06-11 20:04:27,high,performance,resolved,4,27,3415,60,true,false,2,2025-06-01,2025-06-01
T10313,A1087,Apex Capital,enterprise,NA,CA,Growth Monthly,growth,priority,W2194,apex-core,prod,U3881,2025-05-04 23:27:49,2025-05-05 01:14:49,2025-05-07 07:08:49,medium,sso,resolved,4,107,3341,240,true,false,3,2025-05-01,2025-05-01
T10314,A1087,Apex Capital,enterprise,NA,CA,Growth Monthly,growth,priority,W2194,apex-core,prod,U3881,2025-06-07 12:39:10,2025-06-07 14:44:10,,medium,dashboard_filter,open,,125,,240,true,true,290,2025-06-01,
T10315,A1088,Cedar Partners,smb,APAC,NZ,Starter Monthly,starter,standard,W2195,cedar-core,prod,U3889,2025-05-16 00:23:16,2025-05-16 10:47:16,,low,model_error,in_progress,,624,,1440,true,true,312,2025-05-01,
T10317,A1089,Beacon Network,mid_market,NA,US,Growth Monthly,growth,priority,W2196,beacon-core,prod,U3904,2025-05-04 22:49:28,2025-05-05 14:46:28,2025-05-06 19:12:28,low,model_error,resolved,5,957,2663,1440,true,false,2,2025-05-01,2025-05-01
T10318,A1089,Beacon Network,mid_market,NA,US,Growth Monthly,growth,priority,W2196,beacon-core,prod,U3900,2025-04-16 04:01:09,2025-04-16 04:36:09,2025-04-17 07:11:09,urgent,dashboard_filter,resolved,5,35,1630,30,false,false,1,2025-04-01,2025-04-01
T10319,A1090,Vertex Labs,smb,NA,US,Starter Monthly,starter,standard,W2198,vertex-core,prod,U3906,2025-05-08 22:59:11,2025-05-08 23:26:11,,high,model_error,in_progress,,27,,60,true,true,320,2025-05-01,
T10320,A1090,Vertex Labs,smb,NA,US,Starter Monthly,starter,standard,W2198,vertex-core,prod,U3908,2025-05-17 20:56:55,2025-05-17 23:42:55,2025-05-19 02:05:55,medium,dashboard_filter,resolved,4,166,1749,240,true,false,2,2025-05-01,2025-05-01
T10013,A1004,Silver Solutions,enterprise,NA,US,Starter Monthly,starter,standard,W2011,silver-ops,sandbox,U3051,2025-06-18 04:56:20,2025-06-18 06:09:20,2025-06-18 14:53:20,medium,cancellation,resolved,1,73,597,120,true,false,0,2025-06-01,2025-06-01
T10015,A1004,Silver Solutions,enterprise,NA,US,Starter Monthly,starter,standard,W2010,silver-core,prod,U3048,2025-06-23 11:25:02,2025-06-23 11:50:02,2025-06-24 09:54:02,high,api_limit,resolved,4,25,1349,45,true,false,1,2025-06-01,2025-06-01
T10016,A1004,Silver Solutions,enterprise,NA,US,Starter Monthly,starter,standard,W2010,silver-core,prod,U3038,2025-06-25 11:34:31,2025-06-25 18:48:31,2025-06-26 15:51:31,low,data_freshness,resolved,5,434,1697,900,true,false,1,2025-06-01,2025-06-01
T10023,A1005,Pacific Labs,enterprise,EMEA,UK,Enterprise Annual,enterprise,premium,W2013,pacific-ops,prod,U3058,2025-06-21 06:12:16,2025-06-21 11:36:16,2025-06-22 20:33:16,low,sso,resolved,4,324,2301,900,true,false,1,2025-06-01,2025-06-01
T10118,A1037,Lighthouse Network,enterprise,EMEA,UK,Enterprise Monthly,enterprise,premium,W2076,lighthouse-ops,prod,U3341,2025-06-24 05:04:42,2025-06-24 05:24:42,2025-06-24 09:52:42,high,cancellation,resolved,4,20,288,45,true,false,0,2025-06-01,2025-06-01
T10142,A1043,Lighthouse Works,enterprise,APAC,SG,Enterprise Monthly,enterprise,premium,W2092,lighthouse-ops,sandbox,U3398,2025-06-19 16:19:48,2025-06-19 23:05:48,2025-06-21 18:35:48,low,permissions,resolved,3,406,3016,900,true,false,2,2025-06-01,2025-06-01
T10215,A1061,Atlas Capital,enterprise,EMEA,FR,Enterprise Monthly,enterprise,premium,W2137,atlas-ops,sandbox,U3602,2025-06-18 07:24:33,2025-06-18 08:38:33,,medium,data_freshness,in_progress,,74,,120,true,true,279,2025-06-01,
T10054,A1014,Evergreen Global,enterprise,APAC,SG,Growth Monthly,growth,priority,,,,U3138,2025-06-19 13:20:35,2025-06-19 15:12:35,2025-06-22 10:19:35,medium,cancellation,resolved,2,112,4139,120,true,false,3,2025-06-01,2025-06-01
T10003,A1001,Helio Systems,mid_market,EMEA,NL,Growth Monthly,growth,priority,,,,U3004,2025-04-17 11:06:01,2025-04-17 13:49:01,2025-04-17 20:43:01,medium,billing,resolved,4,163,577,240,true,false,0,2025-04-01,2025-04-01
T10008,A1003,Nova Ventures,enterprise,NA,US,Enterprise Annual,enterprise,premium,,,,U3030,2025-04-22 01:54:07,2025-04-22 04:59:07,2025-04-24 21:30:07,low,billing,resolved,5,185,4056,1440,true,false,2,2025-04-01,2025-04-01
T10009,A1003,Nova Ventures,enterprise,NA,US,Enterprise Annual,enterprise,premium,,,,U3035,2025-04-03 22:19:57,2025-04-03 22:33:57,2025-04-06 01:57:57,high,billing,resolved,5,14,3098,60,true,false,3,2025-04-01,2025-04-01
T10019,A1004,Silver Solutions,enterprise,NA,US,Starter Monthly,starter,standard,,,,U3051,2025-04-27 21:31:07,2025-04-28 03:43:07,,low,billing,open,,372,,1440,true,true,331,2025-04-01,
T10033,A1008,Pacific Works,mid_market,EMEA,UK,Enterprise Monthly,enterprise,premium,,,,U3078,2025-05-26 10:11:02,2025-05-26 17:11:02,2025-05-28 15:09:02,low,cancellation,resolved,4,420,3178,1440,true,false,2,2025-05-01,2025-05-01
T10064,A1016,BluePeak Capital,enterprise,EMEA,DE,Enterprise Annual,enterprise,premium,,,,U3166,2025-05-20 03:55:57,2025-05-20 04:43:57,,medium,billing,in_progress,,48,,240,true,true,308,2025-05-01,
T10071,A1018,Harbor Manufacturing,smb,EMEA,UK,Starter Monthly,starter,standard,,,,U3181,2025-04-12 20:00:56,2025-04-13 11:09:56,2025-04-15 08:04:56,low,billing,resolved,2,909,3604,1440,true,false,3,2025-04-01,2025-04-01
T10084,A1026,Pioneer Capital,smb,NA,CA,Starter Monthly,starter,standard,,,,U3225,2025-04-04 20:11:17,2025-04-04 20:53:17,2025-04-07 01:09:17,high,billing,resolved,5,42,3178,60,true,false,3,2025-04-01,2025-04-01
T10087,A1028,Apex Energy,mid_market,APAC,SG,Enterprise Monthly,enterprise,premium,,,,U3234,2025-04-10 23:34:55,2025-04-11 07:23:55,2025-04-11 09:43:55,low,billing,resolved,5,469,609,1440,true,false,1,2025-04-01,2025-04-01
T10090,A1029,Bright Labs,enterprise,APAC,NZ,Starter Monthly,starter,standard,,,,U3258,2025-04-29 14:01:39,2025-04-29 14:21:39,2025-05-01 11:13:39,urgent,cancellation,resolved,2,20,2712,30,true,false,2,2025-04-01,2025-05-01
T10096,A1030,Northwind Analytics,enterprise,EMEA,UK,Enterprise Monthly,enterprise,premium,,,,U3264,2025-04-03 04:55:38,2025-04-03 05:00:38,2025-04-05 07:17:38,urgent,billing,resolved,5,5,3022,30,true,false,2,2025-04-01,2025-04-01
T10100,A1031,Helio Holdings,mid_market,APAC,AU,Growth Monthly,growth,priority,,,,U3277,2025-04-02 02:00:43,2025-04-02 02:39:43,,high,billing,in_progress,,39,,60,true,true,356,2025-04-01,
T10104,A1032,Vertex Works,mid_market,EMEA,DE,Growth Monthly,growth,priority,,,,U3287,2025-06-13 02:13:43,2025-06-13 05:30:43,2025-06-15 14:40:43,medium,cancellation,resolved,3,197,3627,240,true,false,2,2025-06-01,2025-06-01
T10109,A1034,Helio Partners,smb,NA,CA,Starter Monthly,starter,standard,,,,U3302,2025-06-01 02:46:58,2025-06-01 03:27:58,2025-06-01 19:25:58,high,cancellation,resolved,4,41,999,60,true,false,0,2025-06-01,2025-06-01
T10114,A1035,Bright Retail,mid_market,EMEA,UK,Enterprise Monthly,enterprise,premium,,,,U3315,2025-05-03 08:46:16,2025-05-03 09:40:16,2025-05-06 08:18:16,high,cancellation,resolved,5,54,4292,60,true,false,3,2025-05-01,2025-05-01
T10125,A1039,Nova Group,smb,EMEA,FR,Starter Monthly,starter,standard,,,,U3352,2025-05-09 21:57:57,2025-05-10 03:39:57,2025-05-10 17:49:57,low,billing,resolved,5,342,1192,1440,true,false,1,2025-05-01,2025-05-01
T10126,A1039,Nova Group,smb,EMEA,FR,Starter Monthly,starter,standard,,,,U3353,2025-05-19 17:18:43,2025-05-19 17:49:43,2025-05-22 10:34:43,urgent,cancellation,resolved,5,31,3916,30,false,false,3,2025-05-01,2025-05-01
T10129,A1040,Harbor Collective,mid_market,APAC,SG,Enterprise Monthly,enterprise,premium,,,,U3357,2025-06-17 23:56:41,2025-06-18 00:16:41,2025-06-18 14:25:41,urgent,billing,resolved,2,20,869,30,true,false,1,2025-06-01,2025-06-01
T10136,A1042,Northwind Labs,mid_market,APAC,AU,Growth Monthly,growth,priority,,,,U3385,2025-05-24 00:41:22,2025-05-24 05:23:22,2025-05-24 15:55:22,medium,billing,resolved,3,282,914,240,false,false,0,2025-05-01,2025-05-01
T10139,A1042,Northwind Labs,mid_market,APAC,AU,Growth Monthly,growth,priority,,,,U3383,2025-05-25 13:20:05,2025-05-25 16:30:05,2025-05-27 19:01:05,medium,cancellation,resolved,4,190,3221,240,true,false,2,2025-05-01,2025-05-01
T10156,A1047,Orchid Global,enterprise,APAC,AU,Enterprise Annual,enterprise,premium,,,,U3438,2025-05-08 01:00:31,2025-05-08 05:18:31,2025-05-10 13:16:31,low,billing,resolved,4,258,3616,1440,true,false,2,2025-05-01,2025-05-01
T10157,A1047,Orchid Global,enterprise,APAC,AU,Enterprise Annual,enterprise,premium,,,,U3439,2025-05-07 11:11:19,2025-05-07 13:24:19,2025-05-09 16:38:19,medium,billing,resolved,5,133,3207,240,true,false,2,2025-05-01,2025-05-01
T10173,A1050,Cedar Energy,smb,APAC,JP,Starter Monthly,starter,standard,,,,U3489,2025-06-18 15:22:07,2025-06-18 18:17:07,,medium,billing,open,,175,,240,true,true,279,2025-06-01,
T10180,A1052,Sierra Labs,mid_market,APAC,NZ,Growth Monthly,growth,priority,,,,U3502,2025-05-25 00:00:55,2025-05-25 02:25:55,,medium,cancellation,in_progress,,145,,240,true,true,303,2025-05-01,
T10195,A1056,Delta Global,mid_market,APAC,AU,Growth Monthly,growth,priority,,,,U3552,2025-05-29 08:49:43,2025-05-29 11:19:43,2025-05-30 16:48:43,medium,billing,resolved,4,150,1919,240,true,false,1,2025-05-01,2025-05-01
T10200,A1057,Harbor Partners,enterprise,APAC,NZ,Enterprise Annual,enterprise,premium,,,,U3554,2025-05-26 18:25:27,2025-05-26 20:00:27,2025-05-29 04:45:27,medium,billing,resolved,3,95,3500,240,true,false,3,2025-05-01,2025-05-01
T10202,A1057,Harbor Partners,enterprise,APAC,NZ,Enterprise Annual,enterprise,premium,,,,U3566,2025-05-05 15:02:10,2025-05-05 16:09:10,,medium,billing,in_progress,,67,,240,true,true,323,2025-05-01,
T10205,A1058,Evergreen Analytics,smb,EMEA,UK,Starter Monthly,starter,standard,,,,U3567,2025-05-28 01:46:46,2025-05-28 02:20:46,2025-05-28 18:05:46,high,billing,resolved,4,34,979,60,true,false,0,2025-05-01,2025-05-01
T10213,A1060,Cedar Foods,mid_market,NA,CA,Growth Monthly,growth,priority,,,,U3588,2025-04-02 01:19:37,2025-04-02 05:35:37,2025-04-03 18:30:37,low,cancellation,resolved,4,256,2471,1440,true,false,1,2025-04-01,2025-04-01
T10217,A1061,Atlas Capital,enterprise,EMEA,FR,Enterprise Monthly,enterprise,premium,,,,U3611,2025-06-13 12:09:40,2025-06-13 13:41:40,2025-06-15 17:32:40,medium,cancellation,resolved,5,92,3203,240,true,false,2,2025-06-01,2025-06-01
T10224,A1064,Atlas Health,smb,NA,US,Starter Monthly,starter,standard,,,,U3635,2025-06-15 11:18:22,2025-06-15 20:37:22,2025-06-17 05:25:22,low,billing,resolved,5,559,2527,1440,true,false,2,2025-06-01,2025-06-01
T10231,A1067,Maple Energy,mid_market,NA,CA,Growth Monthly,growth,priority,,,,U3663,2025-06-04 13:28:16,2025-06-04 16:20:16,2025-06-06 12:13:16,medium,cancellation,resolved,5,172,2805,240,true,false,2,2025-06-01,2025-06-01
T10234,A1067,Maple Energy,mid_market,NA,CA,Growth Monthly,growth,priority,,,,U3663,2025-04-15 19:58:10,2025-04-15 20:39:10,2025-04-16 09:26:10,high,cancellation,resolved,4,41,808,60,true,false,1,2025-04-01,2025-04-01
T10236,A1068,Helio Health,enterprise,APAC,SG,Enterprise Monthly,enterprise,premium,,,,U3679,2025-04-25 17:06:36,2025-04-25 17:11:36,2025-04-28 04:20:36,urgent,cancellation,resolved,5,5,3554,30,true,false,3,2025-04-01,2025-04-01
T10245,A1070,Helio Manufacturing,smb,APAC,NZ,Starter Monthly,starter,standard,,,,U3697,2025-06-09 14:37:07,2025-06-09 17:33:07,2025-06-09 22:50:07,medium,cancellation,resolved,4,176,493,240,true,false,0,2025-06-01,2025-06-01
T10246,A1070,Helio Manufacturing,smb,APAC,NZ,Starter Monthly,starter,standard,,,,U3697,2025-04-28 01:53:59,2025-04-28 02:39:59,2025-04-28 04:05:59,high,billing,resolved,4,46,132,60,true,false,0,2025-04-01,2025-04-01
T10248,A1071,Evergreen Group,mid_market,NA,CA,Enterprise Monthly,enterprise,premium,,,,U3706,2025-04-18 13:15:21,2025-04-18 14:50:21,2025-04-20 19:23:21,medium,cancellation,resolved,4,95,3248,240,true,false,2,2025-04-01,2025-04-01
T10257,A1074,Granite Analytics,mid_market,NA,CA,Growth Monthly,growth,priority,,,,U3753,2025-04-17 13:43:52,2025-04-18 01:22:52,2025-04-20 17:30:52,low,billing,resolved,5,699,4547,1440,true,false,3,2025-04-01,2025-04-01
T10265,A1076,Atlas Solutions,mid_market,EMEA,UK,Growth Monthly,growth,priority,,,,U3774,2025-06-24 13:38:25,2025-06-24 14:17:25,2025-06-26 13:55:25,high,cancellation,resolved,5,39,2897,60,true,false,2,2025-06-01,2025-06-01
T10269,A1077,Evergreen Foods,mid_market,NA,CA,Growth Monthly,growth,priority,,,,U3783,2025-06-19 20:59:50,2025-06-19 21:46:50,2025-06-20 17:51:50,high,billing,resolved,4,47,1252,60,true,false,1,2025-06-01,2025-06-01
T10271,A1078,Beacon Foods,mid_market,EMEA,FR,Growth Monthly,growth,priority,,,,U3796,2025-04-13 14:55:05,2025-04-13 18:19:05,2025-04-14 13:29:05,medium,cancellation,resolved,4,204,1354,240,true,false,1,2025-04-01,2025-04-01
T10276,A1079,Nova Foods,enterprise,EMEA,FR,Enterprise Annual,enterprise,premium,,,,U3823,2025-05-25 23:01:24,2025-05-26 03:17:24,2025-05-26 16:06:24,low,billing,resolved,2,256,1025,1440,true,false,1,2025-05-01,2025-05-01
T10289,A1081,River Collective,mid_market,NA,CA,Enterprise Monthly,enterprise,premium,,,,U3841,2025-06-15 08:08:53,2025-06-15 08:31:53,2025-06-17 06:39:53,urgent,billing,resolved,5,23,2791,30,true,false,2,2025-06-01,2025-06-01
T10293,A1082,Summit Manufacturing,mid_market,NA,US,Starter Monthly,starter,standard,,,,U3847,2025-05-02 02:35:01,2025-05-02 18:53:01,2025-05-04 11:43:01,low,cancellation,resolved,1,978,3428,1440,true,false,2,2025-05-01,2025-05-01
T10294,A1082,Summit Manufacturing,mid_market,NA,US,Starter Monthly,starter,standard,,,,U3847,2025-06-05 19:41:59,2025-06-05 23:44:59,2025-06-07 13:58:59,medium,cancellation,resolved,3,243,2537,240,false,false,2,2025-06-01,2025-06-01
T10316,A1088,Cedar Partners,smb,APAC,NZ,Starter Monthly,starter,standard,,,,U3891,2025-06-01 22:14:46,2025-06-02 09:01:46,2025-06-03 11:53:46,low,billing,resolved,5,647,2259,1440,true,false,2,2025-06-01,2025-06-01
